predictions,target,originals
थर्मैकस,थरमैक्स,thermax
सिखाएगा,सिखाएगा,sikhaaega
लेरन,लर्न,learn
ट्विटरस,ट्विटर्स,twitters
तिरुनेलवलली,तिरुनेलवेली,tirunelveli
इंडेपेंंंस,इंडिपेंडेंस,independence
स्पेशियों,स्पेशियों,speshiyon
शुरूह,शुरूः,shurooh
कोल्हापुर,कोल्हापुर,kolhapur
अझर,अजहर,ajhar
करार,क़रार,karaar
अंका,अंक,anka
वीपीडी,डब्ल्यूपीडी,wpd
हाशे,हाशिए,haashie
ग्लेंडले,ग्लेंडल,glendale
उधेद,उधेड़,udhed
एकथी,इकठ्ठी,ekthi
आईडीईए,आईडिया,idea
अं्बीकपुर,अम्बिकापुर,ambikapur
मकेरे,माकेरेरे,makerere
सबूदाने,साबूदाने,saboodaane
फूहा्ता,फूहड़ता,foohadta
सेक्वेंट,सेक्वेंट,sequent
शुएब,शुऐब,shueb
पनिहाती,पानीहाटी,panihati
समेताी,समेटती,sametati
उखरुल,उखरुल,ukhrul
ब्रहमलिन,ब्रह्मलीन,brahmlin
उतराधिकारे,उतराधिकारी,utaraadhikaaree
इकबाल,इक़बाल,iqbal
दयालापुरा,दयालपुरा,dayaalapuraa
सोहरा,सोहराई,sohrai
तकरीबन,तक़रीबन,takreeban
फरररूखागर,फर्रूखनगर,farrukhnagar
थेंगा,ठेंगा,theinga
त्योहहारं,त्यौहारों,tyoiharon
कर्ेेश्वरमम,कर्णेश्वरधाम,karneshvardhaam
उमाना,उमानाथ,umanath
दांशल,दानशील,daanshil
साहित्योस्व,साहित्योत्सव,saahityotsav
शांटिनिकतान,शांतिनिकेतन,shantiniketan
शिकययरक्ता,शिकायतकर्ता,shikayatkarta
अंदरखान,अंदरखाने,andarkhane
पैटटर,पंटर,panter
लीदरों,लीडरों,leedaron
गलगंद,गलगंड,galgand
कारनियाँ,कार्नियां,kaarniyaan
मुर्गीपाान,मुर्गीपालन,murgipaalan
मुशाहिद,मुशाहिद,mushahid
मोडुलल,मॉड्यूल्स,modules
राजौरी,रजौरी,rajouri
सुशररषा,सुश्रुषा,sushrushaa
श्रिंगार,शृंगार,shringaar
होल्ट,होल्ट,holt
लेगगिका,लैंगिकता,laigikata
इजाजत,इजाजत,ijaajat
वंक्षेत्र,वनक्षेत्र,vankshetra
भुतल,भूतल,bhutal
स्वाद्र्मियों,स्वादप्रेमियों,swaadpremiyon
निनेटीज,नाइनटीज,nineteez
फ्रेक्टर,फ्रेक्टर,frektar
लिखकर,लिखकर,likhkar
इयरकंदीशवरर,एयरकंडीशनर,eyarkandeeshnar
नब्ज,नब्ज़,nabz
क्वेस,कुएस,quess
बौनी,बौनी,bouni
कारागुजारयाँ,कारगुजारियां,kaaragujaariyaan
गाँगनम,गांगनाम,gaangnam
तापिया,तापीया,tapia
तेजपुर,तेज़पुर,tezpur
तलवे,तलवे,talve
सीमाई,सीमाई,seemaai
दर्शनार्ठी,दर्शनार्थी,darshnaarthi
रिवा,रिवास,rivas
तरकवाड़,तर्कवाद,tarkvaad
अनुसाका,अनुसारका,anusaarakaa
कोचेला,कोचेला,coachella
लााककर,लटककर,latakakar
पत्रवलियां,पत्रावलियां,patravaliyan
परिशद,परिषद,parishad
स्पिंज,स्पिन्ज,spinj
अंशिदा,अनशिदा,anshida
डेजेस,डिजीसस,dejesus
सरायमहहिदररररर,सरायमोहिउद्दीनपुर,saraaymohiuddinpur
लोवल,लॉवेल,lowell
कैपेसिटर,कैपेसिटर,capacitor
पासेनगरजिंड,पैसेंजरजींद,passengerjind
ग्रंथियों,ग्रंथियों,granthiyon
बुएना,बुएना,buena
कैंटरबरर,कैंटरबरी,canterbury
काथियावदी,काठियावड़ी,kaathiyavadi
तेकचनदानी,टेकचंदानी,tekchandani
फिसाड,फ़ीसद,fisad
बेरहररमी,बेरहरमी,beraharamee
निश्कर्शह,निष्कर्षः,nishkarshah
एक्टिविटीज,ऐक्टिविटीज,activities
रिकैललीररशनन,रिकैलीब्रेशन,rikailleebreshan
शासनाधिकरिययं,शासनाधिकारियों,shasanadhikaariyon
फिजूलखरची,फिजूलखर्ची,fijoolkharchi
डेबलयूपीडी,डब्ल्यूपीडी,dablyoopeedee
पीसीई,पेस,pace
दस्ता,दस्तार,dastar
कैटलिन,कैटलिन,catlin
जोड््ता,जोड़ता,joddta
किल्ल,किल्लत,killat
ग्रुनगर,गृहनगर,gruhnagar
वॉडर,वंडर,wonder
वतर,वाटर,vatar
श्विंग,श्विंग,shving
पश्टुन,पश्तून,pashtun
फर्म,फार्म,farm
दिबानु,डिबनू,dibanu
पश्चमी,पश्चमी,pashchamee
उठपात,उठापटक,uthapatak
निलाभ,नीलाभ,nilaabh
लक्स्मीनियाँ,लक्ष्मीनियां,laxmeeniyaan
महानारवासिययो,महानगरवासियों,mahaanagarawaasiyon
उपनेता,उपनेता,upneta
कनववेशशन,कन्वेंशन,convention
शर्प,शाॅर्प,sharp
कार्ययोनन,कार्ययोजना,kaaryayojana
मास,मास,maas
वेस्टिंग,वेस्टिंग,westing
कुरवती,कुर्वेती,kurvetee
ज्याडा,ज़यादा,jyaada
मुकेश्वरी,मुकेश्वरी,mukeshvari
श्रीमति,श्रीमति,shrimati
विवेकाधिकरों,विवेकाधिकारों,vivekadhikaron
लोकसभवाली,लोकसभावाली,loksabhavalee
कबहा,कबहा,kabahaa
भ्रां्ियों,भ्रांतियों,bhraantiyon
विवेकहीं,विवेकहीन,vivekahin
बालमिकी,बाल्मीकि,balmiki
हर्यना,हरयाणा,haryana
जिवराज,जीवराज,jivraj
फ्लाइनन,फ्लिन,flynn
रना,राणा,rana
विष्णुपुा,विष्णुपुरा,vishnupura
घोटालेाजों,घोटालेबाजों,ghotaalebaajon
हैराटेंंज,हैरतअंगेज़,hairatangenz
तकलीीडडह,तकलीफ़देह,takaleephadeh
पीपाध,पीपाड़,peepaadh
धभाशरर,धभाशारा,dhabhaashaaraa
अंत्ियां,अंतडियां,antdiyan
रोबिन,राबिन,robin
सिंगर,सिंगार,singar
गुमशुगगी,गुमशुदगी,gumshudagi
बालृृष्ण,बालकृष्ण,balkrishna
फबती,फब्ती,phabti
पलाने,पलटने,palatne
लहलहाती,लहलहाती,lahlahaati
नगाड़ा,नगाड़ा,nagaada
उदाने,उड़ानें,udanen
क्ले,क्लेन,klein
जुलूस,जूलूस,juloos
कार्यभर,कार्यभार,karyabhar
मंटो,मंटो,manto
पैमैश,पैमाइश,paimaish
कवविन,कोविना,covina
पेंशन,पेंषन,penshan
ओगास्तााससाादीी,ऑगस्टावेस्टलैंड,ogastaavestalaind
सेंट्रिंग,सैंट्रींग,centreeng
एक्टिवा,ऐक्टिवा,activa
बरकर,बार्कर,barker
वालकन,वल्कन,valkan
व्रूटं,वृत्तों,vruton
कबाददी,कबड्डी,kabaddi
रौनख,रौनक़,raunakh
केटललिन,कैटलिन,caitlyn
फूस,फूस,phoos
जंगडनाा,जनगणना,jangadnaa
उपख्यानों,उपाख्यानों,upakhyaanon
सुंदराम,सुंदरम,sundram
कोचिन,कोचीन,cochin
नेको,नेको,neko
कौशल,कौशल,kaushal
फलिया,फालिया,phaliya
एसीवडो,एस्वेडो,acevedo
कोट्टयाम,कोट्टयम,kottayam
दिलाएगा,दिलाएगा,dilaaega
कुर्वी,कर्वी,kurvi
सौनपंगी,सौंपेंगी,saunpengi
लेखन,लेख़न,lekhan
गुडेपु,गुडेपु,gudepu
फरसे,फरसे,pharase
नुबिया,नूबिया,nubiya
तजा,ताजा,taja
आंत्रित,आंत्रित,aantrit
क़ज़़ी,काजी,qazi
मुर्गीपाा,मुर्गीपालन,murgipalan
एडीड,एड्डी,eddy
नागिने,नगीने,nagine
सुभा,सुब्हा,subha
लुय,लुइस,luis
विजयपुरम,विजयापुरम,vijayapuram
बताओ,बताअाे,bataao
ओचोओए,ओकोआ,ochoa
साइंस,साइंस,science
सरकरें,सरकारें,sarkarein
ब्रीमेट्न,ब्रेमटन,bremerton
गुरुपाड,गुरुपदो,gurupado
सं्ुक्त,संयुक्त,sanyukt
रालोद,रालोद,raalod
बाढ़ां,बाधाओं,baadhaon
गौमुत्र,गौमूत्र,gaumutra
सभाए,सभाएं,sabhaen
तानी,तनी,tani
देलही,दिल्ली,delhi
सुकें,सुजेन,suken
विनित,विनीत,vineet
चिमते,चिमाते,chimate
किकियान,किकियाना,kikiyana
रोकेट,रकेट,rocket
मैक्सवल,मैक्सवेल,maxwell
हिप्पो,हिप्पो,hippo
दीपान,दीपन,deepan
अरिमा,अर्यमा,arymaa
भुलता,भूलता,bhulata
कर्माचरी,कर्माचारी,karmaacharee
दुर्गाुर,दुर्गापुर,durgapur
त्रिभाषा,त्रिभाषा,tribhaashaa
सूड़खरों,सूदखोरों,soodkhoron
प्रस्तवों,प्रस्तावों,prastaavon
सर्विन,सुरवीन,survin
प्राप्त,प्राप्ती,prapti
गिरिवासियों,गिरिवासियों,girivaasiyon
सिडुसिंग,सिडयूसिंग,siducing
वेलवे,वेलवेट,welwet
मुकारार,मुक़र्रर,muqarrar
बैक्सटर,बैक्सटर,baxter
डेनिर,डेनिअर,denier
सीवी,सीडब्ल्यू,cw
उठनी,उठनी,uthani
घासी,घासी,ghasi
इकट्था,इकट्ठा,ikattha
भूपसिंह,भूपसिंह,bhupsingh
डबोचने,दबोचने,dabochne
क्रोसबी,क्रॉस्बी,crosby
नामीगिरामी,नामीगिरामी,naameegiraamee
हर्ले,हर्ले,hurley
जरदा,जर्दा,jarda
लियप्धानमम्रर,लिएप्रधानमंत्री,liepradhanmantri
भ्रांती,भ्रांति,bhranti
एजेनसियों,ऐजेंसियों,agencyyon
बागो,बागो,bago
फोर्स,फारसी,forcee
बोसां,बोसान,bosaan
कारकी,कार्की,karki
गिनाट,गिनते,ginate
मनोकामाओं,मनोकामनाओं,manokaamnaaon
सम्म््तियाँ,संम्पत्तियां,sammpattiyaan
पोलिथिनों,पॉलिथीनों,politheenon
मतके,एमटेक,mtake
परिचर,परिचर,parichar
बदबादी,बडबडी,badabadee
क्रेन,क्रेन,crane
लामियाँ,लामियां,laamiyaan
उल्हसनगर,उल्हासनगर,ulhasnagar
प्रभानम्त्री,प्रभानमंत्री,prabhanmantri
शिवालापुरवा,शिवालापुरवा,shiwalapurwa
फर्थ,फर्थ,ferth
सुहागीं,सुहागिन,suhagin
सराईकेला,सरायकेला,saraikela
रोमियोवलल,रोमियोविल,romeoville
राजस्थावसलियों,राजस्थानवासियों,raajsthanvasiyon
प्रतिरोधधामकक,प्रतिरोधात्मक,pratirodhaatmak
स्वार्िका,स्वर्णिका,svarnikaa
व्यवस्थपनन,व्यवस्थापना,vyavasthapana
टेल,तेल,tel
गलातफहममी,ग़लतफ़हमी,galatfahmi
टेकेनसडडर,टेकइनसाइडर,takeinsider
माइक्रोफिइबर,माइक्रोफाइबर,microfiber
श्रीमहपुर्,श्रीमहापूर्ण,shreemahapoorn
फल्लुजा,फ़ल्लूजा,fallujaa
डोनालडसन,डोनल्डसन,donaldson
चढने,चढ़ने,chadhne
जीवविज्ञानियों,जीवविज्ञानियों,jeevvigyaaniyon
क्रिकेटिंग,क्रिकेटिंग,cricketing
रिडक्शन,रिडक्शन,reduction
अवाज़ें,आवाज़ें,awaazen
व्लाड़,व्लाद,wlaad
प्रथमिक,प्राथमिक,prathmik
ठेंगा,ठेंगा,thenga
एक्सेल,एक्सेल,excel
चटकाते,चटकाते,chatakaate
कुबुद्दी,कुबुद्दीन,kubuddin
ताज़ा,ताजा,taaza
पदनी,पड़नी,padani
निचाई,नीचाई,nichaai
वौसौ,वौसौ,wausau
आलोचकों,आलोचकों,aalochakon
जलजले,ज़लज़ले,jaljale
सुरत,सूरत,surat
जीवती,जीवति,jeevati
प्रहारक,प्रहारक,prahaarak
श्रीसागगरु,श्रीसद्गुरु,shreesadguru
संचलों,संचालनों,sanchalanon
भल,भाल,bhal
तुघलाक,तुगलक,tughlaq
उठापत,उठापटक,uthaapatak
हस्तांत्ीी,हस्तांतरणीय,hastaantaraneey
उत्सहाह््धधन,उत्साहवर्द्धन,utsaahawarddhan
संगोष्तरी,संगोष्ट्री,sangoshtree
शासानािकरिययो,शासनाधिकारियों,shaasanadhikariyon
महाधिपतियों,महाधिपतियों,mahadhipatiyon
फतीमा,फातिमा,fatima
फोड,फोड़े,fode
कांटिनयू,कंटिन्यू,kantinyoo
कामनां,कामानाएं,kaamanaen
चुतिले,चुटीले,chutile
संख्याएं,संख्याएं,sankhyaen
क्रांज,करंज,kranj
बरसता,बरसाता,barsata
परिकल्पि,परिकल्पित,parikalpit
हरपल,हरपाल,harpal
माओंट,माऊंट,maaoont
ग्रोवर,ग्रोवर,grover
बायोलोजिस,बायोलॉजिस्,biolozis
हलिसहार,हालिशहर,halisahar
अंगेल,एंजेलो,angelo
जनेहधरी,जनेऊधारी,janeudharee
बिचबचचाव,बीचबचाव,bichbachaav
पोकर,पोकर,pokar
अपवर््तित,अपवर्तित,apvartit
आस्तिन,आस्तीन,aastin
प्रतिष्ठाालले,प्रतिष्ठावाले,pratishthaavaale
बुयननेंत्रा,ब्युनावेंचुरा,buenaventura
डेक्ैन,डेक्कन,deccan
सेरिव,सेरिव,seriw
परदा,पर्दा,pardaa
एमिल,एमिल,emile
शैली,शैली,shaili
ईस्टवेल,ईस्टवेल,eastvale
छल्ा,छल्ला,chhallaa
लक्ष्यों,लक्ष्यों,lakshyon
होफफ,हॉफ,hoaf
जरूरीह,जरूरीः,jarurih
रा्या,रह्या,rahya
महकने,महकने,mahkane
देवी,देवी,devi
निलसेन,नील्सन,nielsen
भिरा,भीरा,bhira
चबुतरे,चबूतरे,chabutare
भुशन,भूषण,bhushan
रुक्ते,रुकते,rukte
आमदनी,आमदनी,aamdani
तलक्षाव,टॉकशो,talkshow
जुनगढ़,जूनागढ़,junagadh
पढ़ता,पढ़ाता,padhata
ओधकर,ओढ़कर,odhakar
ब्रोके,ब्रोक,broke
तलाश,तलाशा,talaasha
परिवाराले,परिवारवाले,parivaarwaale
त्रुबुननलल,ट्रिब्यूनल,trubyunal
ब्रोक,ब्रोक,brock
यल्लापपा,यल्लाप्पा,yallaappaa
तसवररो,तस्वारों,tasvaron
तुगाकी,तुगलकी,tugalaki
पिक,पिक,pick
सरकललेशन,सर्किलेशन,circulation
ज्वार,ज्वार,jvar
कनिनधधम,कनिंघम,kanindham
कुश,कुश,kush
प्रोपरफफ्ककक,प्रॉपरफेसबुक,properfacebuk
अश्ाफी,अशरफी,ashrafi
चढें,चढ़ें,chadhen
वांचचुक,वांगचुक,vangchuk
होनेवेल,हनीवेल,honeywell
रदियमध्रमम,रेडियमधर्मी,radiumdharmee
लढेगे,लड़ेगे,ladhege
सचा,सचन,sachan
अर्थशस्त्रियों,अर्थशास्त्रीयों,arthshastriyon
कैंटन,कैंटन,canton
आत्ममगग्ध,आत्ममुग्ध,aatmamugdha
पोंटियक,पॉन्टिएक,pontiac
लोपेज,लोपेज़,lopez
घोंटना,घोंटना,ghontanaa
अम्बनी,अम्बानी,ambani
मर्याडओं,मर्यादाओं,maryadaon
राटलाम,रतलाम,ratlam
हरककलल्स,हरक्यूलिस,hercules
अकोला,अकोला,akola
सक्षण,सक्शन,sakshan
नोतबंदीूद्ा,नोटबंदीशुदा,notbandeeshuda
लगवाती,लगवाती,lagavaatee
अलिव,अलाइव,alive
जिवांत,जीवंत,jivant
फोडा,फोड़ा,foda
फतही,फटही,fatahee
नूबिया,नूबिया,noobiyaa
लालमानी,लालमणी,lalmanee
फैसाल,फ़ैसला,faisala
क्रुत्या,कृत्या,krutyaa
धुआन,धुआं,dhuan
अहुजा,आहूजा,ahuja
प्रतिपापुर,प्रतिपालपुर,pratipaalpur
नमकीन,नमकीन,namkeen
मंजिलें,मंजिलें,manjilen
लफफाजी,लफ्फाजी,laffaajee
जुराब,जुराब,juraab
फुला,फुलाए,fulae
कास्टलललय,केस्टालॉय,castalloy
ब्लैक,ब्लैक,black
सूरा,सूरज,sooraj
ब्रॉंच,ब्रॉन्च,bronch
अवरणाा,अवर्णता,avarnataa
जोहरी,जोहरी,johari
टेवरी,तेवरी,tevree
सैंडरर्स,सेंडर्स,sanders
वेल्डरर,वेल्डर,welder
एनीयू,एनईयू,eneeyoo
भरा्थाचारियं,भरष्टाचारियों,bharashtachaariyon
लालमनी,लालमणी,laalmanee
खातेदार,खातेदार,khaatedaar
आजमाना,आजमाना,aazmaanaa
आवृत्तियों,आवृत्तियों,aavrittiyon
कुल्लवी,कुल्लवी,kullawee
बहावलपुर,बहावलपुर,bahawalpur
प्रथ्मिकाा,प्राथमिकता,prathmikta
मोबिले,मोबाइल,mobile
कतीहर,कटिहार,katihar
स्वेचा,स्वेच्छा,swecha
हामीदन,हामिदन,haamidan
समधर्षणी,समदर्शिनी,samdharshni
दृध,दृढ़,dridh
गोंड,गोंद,gond
विशेश,विशेश,wishesh
काबिलेगौर,काबिलेगौर,kaabilegour
लौरेंसे,लौरेंस,laurense
हिशम,हिशाम,hisham
चौसिंगा,चौसिंगा,chausinga
पाफिन,पफिन,pafin
मते,मेट,mate
बाल्डककॉन,बिल्डकॉन,buildcon
तीकों,टीकों,teekon
अथक,अथक,athak
जिंडगगी,जिदंगी,jindagee
चायल,चायल,chayal
मा,माप,maap
लास्ट,लास्ट,last
गजरा,गजरा,gajra
रात्रिचा,रात्रिचर,ratrichar
काठला,काथला,kaathalaa
सहुलियता,सहूलियत,sahuuliyata
पत्टनैक,पटनायक,pattnaik
न्यायललयन,न्यायालयीन,nyayalayeen
मुख्यमंत्रियों,मुख्यमंत्रियाें,mukhyamantriyon
जीतनेवालों,जीतनेवालों,jeetanewalon
स्वाोटो,स्वफ़ोटो,swaphoto
क्लिफ्टन,क्लिफ्टन,clifton
दोडा,डोडा,doda
पेंडुलम,पेंडुलम,pendulum
चिपकने,चिपकने,chipakane
नलकसा,नलकसा,nalakasa
छह,छह,chhah
गोंड,गोंड,gond
समीक्षकर्ता,समीक्षाकर्ता,sameekshaakartaa
मंत्रिपद,मंत्रीपद,mantripad
लिबेरशन,लिब्रेशन,liberation
असमानी,असमान्य,asamaany
चुंगियों,चुंगियों,chungiyon
अरिका,एरिका,arica
बलोट,बेलोट,balot
ठिं,थींं,thin
फोर्मिक,फार्मिक,formic
युद्धक,युद्धक,yuddhak
वेगस,वेगास,vegas
लस,लास्ट,las
चित्रांशी,चित्रांशी,chitranshi
अवरांता,अवर्णता,avranta
वास्टिंग,वेस्टिंग,wasting
वितर्क,वितर्क,vitark
मुकबाले,मुकबाले,mukabaale
धर्मपूर्वी,धर्मपूर्वी,dharmapoorwee
अंबानी,अंबानी,ambaani
इबिजा,इबीजा,ibija
महामेडिया,महामीडिया,mahamedia
सुजलों,सुज़लोन,suzlon
वर्णित,वर्णित,varnit
झुठलाने,झुठलाने,jhuthlane
मदुराई,मदुरई,madurai
कौंडल,कौण्डल,kaundal
लपत्ता,लापत्ता,lapatta
क्षिन,क्षीण,kshin
तेवार,तेवरी,tewaree
राइचर,रायचूर,raichur
लिंडो,लिंडन,lindon
पुलामा,पुलमा,pulama
ओलरौंडड,ऑलराउंडर,olraunder
गरीबों,ग़रीबों,garibon
कैलहान,कालाहान,callahan
वबाग,वाबाग,wabag
कैपधरी,कैपधारी,kaipdhari
एटीट,आटा,atta
बरेली,बरेली,bareli
जिंग,जिंग,jing
जिवन,जीवन,jivan
रेडी,रेड्डी,reddy
पहनी,पहनी,pehni
तान,तनु,tanu
दीपिका,दीपिका,deepika
लोहती,लोहाती,lohati
कक्क़,कक्कड़,kakkad
मौलवियों,मौलवियों,maulviyon
दुंगरपुर,डूंगरपुर,dungarpur
ज़ालना,झालाना,zaalaanaa
लकमे,लक्मे,lakme
प्रोस्पेक्ट्स,प्रोस्पैक्ट्स,prospectus
वेस्टिंगहो,वेस्टिंगहाउस,westinghouse
बवारा,बावरा,bawara
थक्र,ठक्कर,thakkr
इच्छाचारी,इच्छाचारी,ichchhaachaaree
त्रिया,त्रिया,triya
धवकों,धावकों,dhavakon
डामले,दामले,damle
श्रवनतेललललल,श्रवणाबेलागोला,shravanabelagola
निलकमल,नीलकमल,nilkamal
कर्मचार,कर्माचारी,karmacharee
पूर्वोत्त,पूर्वाेत्तर,poorwottar
लेरायी,लहराई,lehrayi
हैतो,हैतो,haito
प्रकांध,प्रकाण्ड़,prakaandh
खेलमांत्री,खेलमंत्री,khelmantree
भविष्य,भविष्य,bhavishya
इगमोर,एगमोर,egmor
श्रिंगर,शृंगार,shringar
सौपेंी,सौंपेंगी,saupengee
क्नोक्सििल,नॉक्सविल,knoxville
बेंडर,बेंडर,bender
सुं्राम,सुंदरम,sundaram
प्रदेश,प्रदेश,pradesh
संवेदीकरण,संवेदीकरण,samvedikaran
लगुना,लगुना,laguna
भिशम,भीष्म,bhisham
येममिगगणुर,येम्मिगनुर,yemmiganur
हुहतामकी,हुहतमाकी,huhtamaki
वाडली,वडाली,vadli
गीईलएल,गेल,gail
रेसी,रेस,race
सलाजार,सालाज़र,salazar
डिफ्थेरया,डिप्थीरिया,diphtheria
द्रध,दृढ़,dradh
शदाधी,शदधि,shadadhi
प्रबोधिनी,प्रबोधिनी,prabodhini
लोकप्रतिििययो,लोकप्रतिनिधियों,lokpratinidhiyon
जतती,जताती,jatati
मंगला,मंगला,mangla
बररविन,बर्विन,berwyn
मूम,मम,mum
उदययगढी,उदयगढ़ी,udaygadhi
अकापुलकोो,अकापुल्को,akapulko
वैधृती,वैधृति,vaidhruti
चरंबद्ध,चरणबद्घ,charanbaddh
मंडडीी,मनदड़ी,mandadi
यूकललडी,यूक्लिड,euclid
पारमपरिकाा,पारंपरिकता,paarampariktaa
हफतत,हांफते,hafate
साििया,साथिया,sathiya
संघियता,संघीयता,sanghiyataa
मुख्यातिियों,मुख्यअतिथियों,mukhyaatithiyon
व्यवस्थविररधीी,व्यवस्थाविरोधी,vyavasthavirodhi
रक्तदाताओं,रक्तदाताओं,raktadaataaon
बरामाे,बरामदे,baramade
तरुतल,तरुतल,tarutal
कुट्ता,कुत्ता,kutta
झाड़ा,झाड़ा,jhaadaa
किशुन,किशुन,kishun
शेयफफलर,स्कैफ़लर,schaeffler
अमरोही,अमरोही,amrohi
रेइडिल,रैडिकल,raidical
जेनर,जेनर,jenner
वर्शिया,वर्षिय,varshiya
हससिो,हसीनों,hasino
शावकों,शावकों,shaavakon
रूपा,रूपा,rupa
स्वार्थररक,स्वार्थपरक,swaarthparak
वेरोनिका,वेरोनिका,weronika
वेबब,वेब,webb
महापत्र,महापात्रा,mahapatra
चेंकें,छींके,chenkein
अग्रा,अग्र,agra
जियांगको,जियांगकोऊ,jiyaangkou
वेस्टवर्क,वेस्टवर्क,westwork
जनगगनना,जनगणना,janaganna
पैस्को,पास्को,pasco
जढव,जाधव,jadhav
एंटरपप्ाइज,एंटरप्राइज,enterprise
संशयों,संशयों,sanshayon
वरणव्ववसतविविी,वर्णव्यवस्थावादियों,varnavyavasthaavaadiyon
उपस्थियों,उपस्थियों,upasthiyon
मुडीचू,मुडिचु,mudichu
पर्नससररों,पर्नस्टारों,parnstaron
आईए,ईए,ia
बैला,बैला,baila
लिवाल,लिवाल,livaal
हिल्सबबरो,हिल्सबोरो,hillsboro
राष्ट्रियाक्षा,राष्ट्रियाध्यक्ष,rashtriyadhyaksha
पीडाब््यूटी,पीडब्ल्यूटी,peedablyootee
ठोसंद,थाउजेंड,thousand
शाकरर,शाकिर,shaakir
सलाहकार,सलाहकार,salahkaar
विश्वकर्मा,विश्वकर्मा,vishwakarma
रिज,रिज,ridge
स्वास्थ्हीनानन,स्वास्थ्यहीनता,swaasthyaheenataa
रिश्वखोर,रिश्वतखोर,rishvatkhor
प्राविनसेस,प्राविंसेस,praavinses
दफत्रवाे,दफ्तरवाले,daftarvaale
फासिशियन,फिजिशियन,physician
लो,लोग,log
जोढिका,जोधिका,jodhika
सेवला,सेवाला,sevalaa
दूबत,डूबत,doobat
सिपा,सिपाह,sipah
भरमा,भरमा,bharamaa
प्रतिज्ञा,प्रतिज्ञा,prtigyaa
मेघवल,मेघवाल,meghwal
नंडोई,नंदोई,nandoi
औरोरा,ऑरोरा,aurora
फॉर्मलली,फार्मूले,formuley
दुरघ््न,दुर्घटना,durghtna
स्वतंत्रसिंहह,स्वतंत्रसिंह,swatantrasingh
मोंटेरी,मोंटेरे,monterey
बालती,बाल्टी,baalti
कोलमबिया,कोलंबिया,columbia
व्हिटर,व्हिटियर,whittier
दुक्के,दुक्के,dukke
क्यूबेक,क्यूबेक,cubeck
चमकना,चमकना,chamakna
शीलभग,शीलभंग,sheelbhag
बिस्टाोंड,बिस्तागोंड,bistagond
फिंडले,फाइंडले,findlay
बपा,बापा,bapaa
देहरा,देहरा,dehra
एआईएसई,ऐसे,aise
श्रंखला,श्रंखला,shrankhala
हस्ताक्रों,हस्ताक्षरों,hastaaksharon
तिरुपि,तिरुपति,tirupati
मंगलमूर्थि,मंगलमूर्तिः,mangalmoortih
कुरससियों,कुर्सियों,kursiyon
मिथैयाँ,मिठाइयाँ,mithaiyaan
पहनो,पहनो,pahno
हललेबिड,हैलबिड,halebid
बांगश,बंगश,bangsh
इफििियली,ऑफिशियली,officially
सेवैई,सेंवई,sevai
गुरजर,गुर्जर,gurjar
सममनवाका,समन्वयक,samanvayaka
परनेल,पार्नेल,parnel
सुसन,सूनसान,sunsan
क्येक्स,क्यूसैक्स,cusex
मध्य,मध्य,madhya
युध्रत,युद्धरत,yudhrat
उरबंदले,अर्बनडेल,urbandale
ब्रिग्स,ब्रिग्स,briggs
इरोरर,एरर,error
चिखाली,चिखली,chikhali
वा,वाण,waan
अधिकारियाँ,अधिकारियां,adhikaariyaan
रोआनके,रोनोक,roanoke
हौककिप,हाओकिप,haokip
पूर्वपेक्षों,पूर्वापेक्षाओं,poorvapekshaaon
मशीनावत,मशीनवत,masheenawat
कदमो,कदमो,kadmo
कुरामी,कुरमी,kurami
विद्याथ्यों,विद्याथयों,vidyaathyon
सिम्टा,सिमटता,simtataa
संगरुर,संगरूर,sangrur
स्ट्रोंगसवललल,स्ट्रोंगस्विल,strongsville
अगवाई,अगवाई,agvaai
जंगन,जनगन,jangan
नगगाज,नागराज,nagraj
यरियां,यारियां,yariyan
भाग्यश्वर,भाग्येष्वर,bhagyeshwar
जिवती,जीवति,jivati
सुडखोरों,सूदखोरों,sudkhoron
रुकवाकर,रुकवाकर,rukwaakar
ब्रह्मवर्ा,ब्रह्मवर्ता,brahmvarta
ग्रा,ग्रे,gray
भ्रांती,भ्रांति,bhraanti
पुरूषोत्तपपुर,पुरूषोत्तमपुर,purooshottamapur
तेजी,तेजी,teji
स्वातन,स्वातं,svaatan
मंतरीमधदजलय,मंत्रिमंडलीय,mantarimandaliya
अशली,एशले,ashley
मैथव्स,मेथिव्स,mathews
मूलों,मूलों,moolon
अक़जो,एक्ज़ो,akzo
हमीरपुर,हमीरपुर,hamirpur
पोख्रियल,पोखरियाल,pokhriyal
बोलतीन,बोलतीं,bolateen
प्रतिष्ठााले,प्रतिष्ठावाले,pratishthavale
दबंगता,दबंगता,dabangata
धुरिया,धुरिया,dhuriya
टीप,टिप,teap
गजज़ई,गाज़ी,gazi
इजाजत,इजाजत,ijajat
मेजबाी,मेज़बानी,mejbani
तोलेो,टोलेडो,toledo
मोहधा,मोहड़ा,mohadhaa
पुटली,पुतली,putli
संचारी,संचारी,sanchari
तापनी,टापनी,taapanee
लिल,लिटिल,little
नरनारी,नरनारी,narnaari
धनिय,धनिये,dhaniye
गढ़ौंगा,गाड़ूँगा,gadhoonga
फाडी,फाड़ी,faadi
गममत,गम्मत,gammat
ट्यूरकलललिज,ट्यूबरक्यूलोसिस,tuberculosis
नागरुुन,नागार्जुन,nagarjuna
राजनीची,राजनीचि,raajneechi
मेडिजजेंसार,मेडिजेन्सर,medizensar
लफफफाजी,लफ्फाजी,laphphaajee
कममरस,कॉमर्स,commerce
माथलू,माथलू,maathaloo
चटागंव,चटगांव,chatagaon
हिलिग,हीलिग,hilig
इस्नपेक्र,इस्न्पेक्टोर,isnpector
टेस्टिंग,टेस्टिंग,testing
नौश,नौशाद,naushad
फल्लजा,फ़ल्लूजा,falluja
पिक,पिक,pik
जिवान,जीवन,jiwan
कटल,कताल,katal
डेबल्युफ,डब्ल्यूईएफ,dablyooeeef
बेसिल,बेसिल,besil
स्लिडों,स्लाइडों,slidon
सैंदन,सैंदान,saindan
जेरेमी,जेरेमी,jeremy
गाँ,गॉंव,gaanv
तोडेंगे,तोड़ेंगे,todenge
उदान,उड़ान,udaan
सप्तक्राातति,सप्तक्रांति,saptkraanti
मिरंद,मिरांडा,miranda
व्याक,व्यापक,vyapak
मद्ी,मैडी,maddy
सभासों,सभासदों,sabhasadon
नौवहन,नौवहन,nauvahan
अत्मं,आत्माएं,atmaen
रोसा,रोज़ा,rosa
दमाए,दमाए,damaae
मिडवेस्ट,मिडवेस्ट,midwest
ट्रेलारह,ट्रेलरः,trelarah
मार्लोररघ,मालबर,marlborough
वैको,वाको,waco
विमर्षों,विमर्शों,vimarshon
खन,खान,khan
दिफारर्ड,डिफरर्ड,difarard
सरसा,सरसा,sarsaa
हेस्टर,हेस्टर,hester
उत्तर,उत्तर,uttar
कसेरा,कसेरा,kasera
कुराने,कुरआने,kuraaane
दयित्वों,दायित्वों,dayitvon
चयानितों,चयनितों,chayaniton
मोरालेस,मोराल्स,morales
हेरोस,हीरोज,heros
प्रेमाूलक,प्रेममूलक,premamoolak
मोरन,मोरन,moran
जिइडस,ज़ाइडस,zydus
नेलसन,नेल्सन,nelson
अमरपाल,अमरपाल,amarpal
फटने,फटने,phatne
टिंका,टिंका,tinka
गायिकाओ,गायिकाओ,gaayikaao
पकायं,पकाएं,pakayen
भ्रष्टाचारियों,भ्रष्टाचारीयों,bhrashtachariyon
चलित,चालित,chalit
एएफएल,एफल,affle
मोद,मॉड,mod
राजनीतिकरों,राजनीतिकारों,rajnitikaaron
आर्थो,अर्थों,arthon
गालिगालज़,गालीगलौज,gaaligalauj
अन्योन्यास्ततत,अन्योन्याश्रितता,anyonyashritata
उदया,उडाया,udaya
कटलली,कटलरी,cutlery
प्रतिबंधध,प्रतिबन्धः,pratibandhah
नीला,नीलाभ,neelaabh
बिला,बिलाई,bilae
खुल्लामुलला,खुल्लमखुल्ला,khullamkhulla
स्वनसों,स्वानसन,swanson
अनवाहार्य,अन्वाहार्य,anvaahaarya
रेवारी,रेवाड़ी,rewari
सहकाकर,सहकलाकार,sahkalakar
चैंपिशशप,चैंपियनशिप,championship
भडकाया,भड़काया,bhadkaayaa
नमधरी,नामधारी,namdhari
अल्बा,अल्बा,alba
वाताुुुलान,वातानुकूलन,watanukoollan
खातध़ार,खाताधारक,khaatadhaarak
टेक्सास,टेक्सस,texas
स्पेशिल,स्पेशल,special
हरवंंश,हरवंश,harvansh
डिनु,दीनु,dinu
शनिवार,शनिवार,shaniwar
दे,डीई,de
डाबी,डाबी,dabi
नहिंकरवाव,नहींकरवाई,nahinkarvaaee
मारवाद,मारवाड़,maarvaad
पीडियों,पीड़ियों,peediyon
ब्रिगन,ब्रिगटन,brigton
मैने,मनाए,mnaey
लिगर,लिगर,ligar
दिलेगा,दिलाएगा,dilaega
आधिन,आधीन,aadhin
परवा,परवा,parwa
हेमपपस्टेड,हेम्प्सटेड,hempstead
ममूली,मामूली,mamooli
प्रदेशिका,प्रदेशिका,pradeshikaa
वेरिफिकेशन,वैरीफ़िकेशन,verification
फेफाडा,फेफड़ा,fefada
विसंगतिया,विसंगतिया,wisangatiyaa
कच्छे,कच्छे,kachchhe
घोस्ट,घोस्ट,ghost
पिपली,पिपली,pipli
लोवासा,लवासा,lovasa
हेलपरर,हेल्पर,helper
दूबनेवाले,डूबनेवाले,doobnewaale
बखशशने,बख्शने,bakhshane
इन््रियोंके,इन्द्रियोंके,indriyonke
बरहड़,बरहद,barhad
रिसाली,रिसाली,risaalee
कक्षीवती,काक्षीवती,kaksheevati
विश्वरक्,विश्वरक्त,vishvarakt
लोडी,लोदी,lodi
पीचट्री,पीचट्री,peachtree
घुमक्डों,घुमक्कड़ों,ghumakkdon
ओझा,ओझा,ojha
इलाज,इलाज़,ilaaj
अरुनई,अरुणाई,arunai
आयोध्येनठ,अयोध्यानाथ,ayodhyeanath
भौतिकवादियों,भौतिकवादियों,bhautikwadiyon
रोकेट,रकेट,roket
नुरोचेमिस्टरी,न्यूरोकेमिस्ट्री,nurochemistry
कोल्डवेल,काल्डवेल,coldvel
आवाजजें,आवाज़ें,aawaazen
मूल,मूल,mool
मल्टीप्लक््न,मल्टिप्लेक्सों,multiplexon
त्योहहार,त्यौहार,tyoihar
रोटेशन,रोटेशन,rotation
बेलाचा,बेलचा,belacha
सहकलकर,सहकलाकार,sahakalaakar
जडित,जड़ित,jadit
नगारा,नगाड़ा,nagaaraa
बरपाय,बरपाया,barpaya
दूंगरपुर,डूंगरपुर,doongarpur
लैंड,लैंड,land
उच्छुरखाााा,उच्छृंखलता,uchchhrunkhalataa
फैलैया,फैलाइए,failaiya
सूची,सूची,suchi
नून,नून,noon
आरपीप,आरपी,rp
शिल्ड,सील्ड,shield
पलानपुर,पालनपुर,palanpur
इलेक्ट्रसोलल,इलेक्ट्रोस्टील,electrosteel
ऑब्स्क्यूर,ऑब्स्क्योरा,obscura
सिग्रेटन,सिगरेटों,cigretton
दिखाई,दिखाईं,dikhaee
रसल,रसल,russell
नाज़रननाज़,नजरंदाज,nazarandaaz
कुआलललपुर,कुआलालंपूर,kualalampoor
औस्टिन,ऑस्टिन,austin
रेइडक्रस,रैडक्रास,raidcras
टीसीएनएस,टीसीएनएस,tcns
स्वायत््ससन,स्वायत्तशासन,svaayattshasan
मूद,मूड,mood
दौलताबाद,दौलताबाद,daulatabad
भुलता,भूलता,bhulta
प्रतिकारा,प्रतिकारा,pratikaara
निग्ट,नाइट्रस,nights
नकम,नाकाम,nakam
शटटिंग,शुटिंग,shutting
राष्ट्र,राष्ट्रा,raashtra
बेचकर,बेचकर,bechkar
स्टोन,स्टोन,stone
वारधा,वर्धा,wardha
दीडाब्ययूूू,डीडब्ल्यूटी,deedablyutee
देसबाथुला,देसबथुला,desabathula
बापा,बापा,baapa
बघबां,बाघबान,baghbaan
आदेशाह,आदेशः,aadeshah
उडेेकर,उड़ेलकर,udelkar
तरको,तर्कों,tarko
याद्ध््त,याद्दाश्त,yaaddaasht
इन्हलेशन,इनहेलेशन,inhalation
सफराागंज,सफरदगंज,safradganj
रूपक,रूपक,roopak
स्क्रेंन,स्क्रेनटन,scranton
वरणव्वासतविियीी,वर्णव्यवस्थावादियों,varnavyavasthaawaadiyon
शिक्षकरमियों,शिक्षाकार्मियों,shikshakarmiyon
खंडेलवल,खंडेलवाल,khandelwal
बेवरेगज्स,बेवरेजेस,beverages
पिडिया,पीडिया,pidiya
नडड,नदफ,nadaf
जेह,जेहे,jehe
धहाएंगे,ढहाएँगे,dhahaaenge
मस्तमौल,मस्तमौला,mastmaula
अगरताल,अगरतला,agartala
जमाय,जमाया,jamayaa
परदेसी,परदेसी,pardesi
अर्या,आर्यों,arya
वेलवेट,वेलवेट,velvet
आपडैं,आपदाएं,aapdaein
आगशे,आगाशे,aagashe
अच्ची,अच्छी,achchi
उद्घोश,उदघोष,udghosh
स्वभावतः,स्वभावतः,swabhawatah
बानी,बानी,bani
रायकर,राइकर,raykar
पिडिलाट,पीडीलाइट,pidilite
दुआल,ड्युअल,dual
भीरा,भीरा,bheera
सिलवा,सिल्वा,silva
अधिकरण,अधिकरन,adhikaran
रंगकाा,रंजकता,rangkata
श्रीचकरा,श्रीचक्र,srichakra
गोवमुत्र,गौमूत्र,gowmutra
निचला,निचला,nichalaa
बुरहननुर,बुरहानपुर,burhanpur
सहुलियता,सहूलियत,sahooliyata
ला्ध,लब्ध,labdh
पूल,पूल,poole
स्ट्रेजन,स्ट्रेशन,strasion
पिकिं,पीकिंग,picking
ओदितर,ऑडिटर,oditar
डेनियार,डेनिअर,deniar
अजित,अजित,ajit
लैंगडो,लैंगडन,langdon
अवशिस्त,अवशिष्ट,avashist
ज,झ,jha
प्रशसस्िक,प्रशासनिक,prashasnik
बोसिय,बोसीयर,bossier
बढ़चारर,बढ़ाचढ़ाकर,badhachadhakar
गिरिडिह,गिरिडीह,giridih
भू,भुज,bhuj
रीडिंंग,रीडिंग,reading
फवारे,फव्वारे,fawaare
अडवात,अद्वैत,advait
रुकतत,रुकते,rukate
अनोंदिता,अनोंदिता,anonditaa
फोंटाना,फोंटाना,fontana
न्युत्रियो,न्यूट्रियो,nyutriyo
पैलोटं,पायलटों,pailoton
जडें,जड़ें,jaden
बोरीवाल,बोरीवली,boriwali
इलैची,इलाइची,ilaichi
एलांंस,एलियंस,alliance
धम्मा,धम्मा,dhammaa
नहररगढ़,नाहरगढ,nahargadh
एसएसआयू,एनएसआईयू,nsiu
सपात,सपाट,sapaat
लेंगडन,लैंगडन,lengdan
पनामा,पनामा,panama
पुटले,पुतले,putle
आसापास,आसापास,aasaapaas
अलवाही,अल्वधि,alwadhi
मुफालिसी,मुफलिसी,mufalisi
संसथान,संसथान,sansathaan
दर्शनार्ठ,दर्शनार्थी,darshnaarthee
लोकोत्स,लोकोत्सव,lokotsav
ग्राहकोने,ग्राहकोंने,graahakonne
उच्चाधिकाररे,उच्चअधिकारीयो,uchchaadhikaareeyo
भाव,बहाव,bhav
रेजा,रेजा,reja
मोथरसन,मदरसन,motherson
कौपलेक्स,काॅप्लेक्स,kauplaiks
आबुरो,आबूरोड,aaburod
हेइडेब्रेेटट,हैडलबेर्गसिएट,heidelbergceat
चिमती,चिमटी,chimati
सर्फकैटट्स,सर्फेकटेंट्स,surfactants
मिता,मिटाओ,mitao
कैलना,कायलाना,kailana
तंकर,टंकार,tankar
ओधकर,ओढ़कर,odhkar
मेरता,मेड़ता,merta
मेगवाल,मेगवाल,megavaal
रस्यािक,रसायनिक,rasyanik
सूचनह,सूचनाः,soochnah
सुगमता,सुगमता,sugamata
जोकके,जोकि,jockey
मुनाफ,मुनाफ,munaf
निस्वर्थ,निस्वार्थ,niswarth
क्षेत्रददवार,क्षेत्रद्वारा,kshetradwaaraa
महावर,महावर,mahawar
बुलधाना,बुलढाना,buldhana
धमकटा,धमकाता,dhamkata
भुसवमी,भूस्वामी,bhusvami
विज्ञान,विज्ञान,vigyan
क्वेट,क्यूट,quete
बेवकुफना,बेवकूफाना,bevkufana
जजमऊ,जाजमऊ,jajmau
बेलट्रन,बेल्ट्रान,beltran
विला,विलास,vilas
मखडुमपुर,मखदुमपुर,makhdumpur
कोलोराडो,कोलोराडो,kolorado
ब्लैकबरर्न,ब्लैकबर्न,blackburn
सुनिती,सुनीति,suniti
घिगघी,घिग्घी,ghigghee
फ्लावोनोड्स,फ्लेवनाइड्स,flavonoids
चहहुनमुखी,चहुंमुखी,chahunmukhi
सुपाच्ये,सुपाच्य,supachye
सिरती,सिरती,siratee
विष्णु,विष्णु,vishnu
चौद़ावन,चौदहवां,chaudahavan
चौधरी,चौधरी,chaudhari
आबबरूू,आबरू,aabru
बाुराक,बलुरक,balurak
डावंगेरे,दावणगेरे,davangere
अनुरित,अनुरीत,anurit
शिप्पंग,शिपिंग,shipping
पतियला,पटियाला,patiala
जानम,जानम,jaanam
फिइनेनिल,फाइनेंसियल,financial
दमा,दमाए,damae
पोलिसी,पालिसी,policy
आईसीसी,आइसीसी,icc
कुच्,कुच्छ,kuchchh
चेखना,चीखना,cheekhna
रिलिएं,रिलायंस,reliance
उर्वरकों,उर्वरकों,urvarakon
रवेल,रवैल,ravael
लढ़ियों,लड़कियो,ladhkiyon
मुकेश्वरी,मुकेश्वरी,mukeshwaree
वांकेेत्र,वनक्षेत्र,wankshetra
उम्मेड,उम्मीदे,ummeede
कहावह,कहावह,kahaavah
कांतिपूर्ण,कांतिपूर्ण,kaantipoorn
बड़ां,बड़ाएँ,badaaen
एनसीीार्दममीी,एनसीआरडब्ल्यूसी,enseeaardablyusee
प्रतिबद््ता,प्रतिबद्धाता,pratibaddhataa
फोलव,फ़ॉलो,follow
सेवामुकता,सेवामुक्त,sevamukta
एवंस्टन,इवान्स्टन,evanston
चरास,चरस,charas
हिल्स,हील्स,hills
रॉबर्टसन,रॉबर्टसन,robertsan
भदौरिया,भदौरिया,bhadauriya
ग्लैक्स्स्टिमिि,ग्लैक्सोस्मिथक्लीन,glaxosmithkline
प्रोड्क्न,प्रॉडक्टों,producton
गुएवरा,गेवारा,guevara
विज्ञानों,विज्ञानों,vigyaanon
जरविस,जार्विस,jarvis
लाफज़,लफ्ज,laphz
फोंट,फॉन्ट,font
परधीं,पराधीन,paradheen
शक,शक़,shak
गंझू,गंझू,ganjhoo
डिटी,डिट,dit
डंप्टिों,दंपतियों,danptiyon
माधीखेडा,माड़ीखेड़ा,maadhikhedhaa
प्रतिष्थनों,प्रतिष्ठानोंं,pratishthaanon
सूं्द,सूंड़,soond
गिंटे,गिनते,ginte
अलागग,अलगअलग,alagalag
स्वस्तिकाार,स्वास्तिकाकार,swastikakaar
प्रतिकाा,प्रतिकारा,pratikaraa
आस्तिक,आस्तिक,aastik
निवेषकर्ता,निवेशकर्ता,niveshkartaa
सवल,सवाल,saval
संस्कृतियाँ,संस्कृतियां,sanskritiyan
रौबदार,रौबदार,raubdar
रघुराम,रघुराम,raghuram
इंतरावयू,इंटरव्यु,intaravyu
छरहरी,छरहरी,chharhari
सावययर,सॉयर,sawyer
भासपा,भासपा,bhasapa
ज्वारों,ज्वारों,jvaaron
संस्थिता,संस्थिता,sansthita
परर्डों,पार्षदों,parshdon
पुलातस्कर,पुलत्स्कर,pulatskar
उठाएएंे,उठाएँगे,uthaaeange
लेंगी,लाएंगी,laengee
ओयफ,ओईएफ,oeeef
वलसद,वलसाड,valsad
मुलों,मूलों,mulon
पुत्लियां,पुतलियां,putliyan
श्मिल,शमिल,shmil
रिग्स,रिग्स,riggs
कैमारललो,कैमेरिलो,camarillo
सफ़लता,सफ़लता,saflataa
विनाषत,विनष्ट,vinasht
कपपिंग,कपिंग,kping
जयललिठा,जयललिता,jayalalithaa
आईटेमएएस,आइटम्स,items
सॉकसर,सॉकर,soccer
अस्फल्ट,एस्फाल्ट,asphalt
मेहरोत्र,मेहरोत्रा,mehrotra
चुने,चुने,chune
ज़र,जरख,zarakh
मेजबानी,मेज़बानी,mejbaani
मुफलिसी,मुफलिसी,muflisi
लुना,लूना,luna
वर्णववववसातवाीी,वर्णव्यवस्थावादियों,warnavyavasthaavaadiyon
लिपाई,लिपाई,lipaaee
उठनी,उठनी,uthni
बजज,बजाज,bajaj
हिसारह,हिसारः,hisarah
डंपतियों,दंपतियों,dampatiyon
वाटसन,वॉटसन,watson
ऑगुस्स्टटनन,अगस्टाइन,augustustine
पताक्षेप,पटाक्षेप,pataakshep
धंढेखरी,धंधेखोरी,dhandhekhoree
उभरेगा,उभरेगा,ubhregaa
अंटन,एंटोन,anton
अपररर्शश,अपारदर्शी,apardarshi
निहलाानी,निहलानी,nihlaani
टिवोली,टिवोली,tivolee
होगिस,होगिस,hogis
विंटर,विंटर,winter
बदलवाकर,बदलवाकर,badalavaakar
घुमा,घुमाई,ghumaee
पेटालूमा,पेटालुमा,petaluma
बीमंब्ल्मम,बीएमडब्ल्यूएम,beeemdablyooem
बखशते,बख्शते,bakhshate
संवेेीकरण,संवेदीकरण,sanvedikaran
तेलों,तेलों,telon
घुम्मककडों,घुमक्कड़ों,ghummakkadon
हांफते,हांफते,haanfte
फरहन,फरहीन,farheen
जेमस,जेम्स,james
किरतपुर,कीरतपुर,kiratpur
रेडिंग,रेडिंग,redding
शकक,शक़,shaq
सरप्राइज,सरप्राइज़,surprise
किसाों,किसानों,kisanon
चलेंगे,चलेंगे,chalenge
योडर,योडेर,yoder
स्टे,स्टीन,stein
पैथेलोजस्ट,पैथेलॉजिस्ट,paithelojist
लेबलिंग,लेबलिंग,labeling
इक्थिययोसस,इक्थियोसिस,ikthiyosis
लिबेरशन,लिबरेशन,liberation
फूढों,फूडॉन,phoodon
ननहें,नन्हें,nanhein
भदौरिया,भदौरिया,bhadauria
जतिला,जटिला,jatilaa
पहुंचनी,पहुंचनी,pahunchanee
राष्ट्ों,राष्ट्रोंं,raashtron
ब्लोसम,ब्लॉसम,blossom
टैंडो,टंडन,tandon
गडबााबाडी,गड़बड़बड़ी,gadbadbadee
सनस्थिता,संस्थिता,sanasthita
यात्रां,यात्राएं,yatraen
आदन,आदान,aadan
जवते,जावते,javate
नियुत्तियों,नियुत्तियों,niyuttiyon
भिश्म,भीष्म,bhishm
हुंडिया,हंडिया,hundiya
मुर्ीीपलान,मुर्गीपालन,murgeepaalan
मलेकर,मालेकर,malekar
लववलैंड,लवलैंड,loveland
मेवे,मावे,mavey
विकरम,विक्रम,vikram
हैंफटे,हांफते,hanfte
बैराककर,बैरकपुर,barrackpore
घाज़याबाद,ग़ाज़ियाबाद,ghaziabad
तरकों,तर्कों,tarkon
एसपीएफ,एसपीएफ,spf
आर्टमिस,आर्टेमिस,artemis
एआईपीपी,ऐप्प,aipp
जयबन,जयबाण,jaiban
गैरैराातन,गैरइरादतन,gairairaadatan
विवेकधीन,विवेकाधीन,vivekadhin
सबजजूनीरर,सबजूनियर,sabajooniyar
फलिया,फालिया,faliya
प्रेक्षकाों,प्रेक्षकगणों,prekshakganon
पूर्वसियों,पुरवासियों,purvaasiyon
विपननाा,विपन्नता,vipannata
माँगा,मांगा,maanga
आर्डेंंस,ऑर्डनेंस,ordanens
प्रधन,प्रधान,pradhan
अभियुकतोोक,अभियुक्तोंके,abhiyuktonke
विरतखांड,विराटखंड,viratkhand
हिजबुल,हिजबुल,hijbul
विद्याओं,विद्याओं,vidyaon
मंजज,मंजू,manju
छविं्दर,छविंद्र,chhawindra
छुपकर,छुपकर,chhupkar
दोरंद,डोरंडा,doranda
सयम,सायं,saym
मिठाइयाँ,मिठाइयाँ,mithhaiyaan
जीवविज्ञाियोंं,जीवविज्ञानियों,jeevvigyaniyon
पश्टुन,पश्तून,pashtuun
ब्रह्राारीीी,ब्रह्राचारिणी,brahraachaarinee
जेरुसलेम,यरूशलेम,jerusalem
एल्टममोंट,एल्टामोंटे,altamonte
सिहुंता,सिहुंता,sihuntaa
हेमवती,हेमवती,hemwati
कोशाधिररी,कोषाधिकारी,koshadhikaaree
अशंका,आशंका,ashanka
बीनन,बीन,bean
वैज्ञािकाा,वैज्ञानिकता,vaigyanikata
झीलों,झीलों,jheelon
रोबारतो,रोबर्तो,robarto
श्रीरामुरर,श्रीरामपुर,shrirampur
मंचिया,मंचीय,manchiya
वसूलता,वसूलता,vasoolataa
मोरिरसन,मोरीसन,morrison
महाग्रंथ,महाग्रंथ,mhagranth
ट्रांसससटर,ट्रांजिस्टर,transistor
सर्वजतिय,सर्वजातीय,sarvjaatiya
पतोत्सव,पाटोत्सव,patotsav
हौकी,हाॅकी,houkee
मेडिथ्सन,मेडिथ्सन,medithsan
उदाा,उड़ाना,udana
सरायमहहहदररररी,सरायमोहिउद्दीनपुर,saraaymohiuddeenpur
पेटरस्बरर्,पीटर्सबर्ग,petersburg
राजजाठा,रंजकता,ranjkatha
दिया,दीया,diya
मोहिंदार,माेहिंदर,mohindar
मससतेक,मस्टेक,mastek
निरबाध,निर्बाध,nirbadh
एहसास,एहसास,ehsaas
अवरुतियों,आवृत्तियों,avrutiyon
एशियावन,एशियवन,eshiyavan
थकी,थकी,thki
टरबिन,टरबाइन,turbine
दिमाक,दिमाक,dimaak
जोधपुर,जोधपुर,jodhpur
दुर्ारा,दरदरा,durdhara
खास्तौर,ख़ासतौर,khaastaur
माराानी,मकरानी,makrani
हिघ,हाई,high
फतहह,फटही,fatahi
मरिया,मारिया,mariya
गाव,गॉंव,ganv
पेंडुलाम,पेंडुलम,pendulam
आविषकार,आविष्कार,aavishakaar
नतीजेह,नतीजेः,natijeh
जेफरसननवलल,जेफरसनविल,jeffersonville
ब्रह्मसिदधध,ब्रह्मसिद्धि,brahmasiddhi
तुलशिदास,तुलसीदास,tulshidas
रीता,रीता,reeta
चर्चामंच,चर्चामंच,charchaamanch
प्रतिकारा,प्रतिकारा,pratikaaraa
तरकवाड़,तर्कवाद,tarkwaad
दबंगों,दबंगों,dabangon
हिचकीचा,हिचकिचा,hichkicha
शीर्षकों,शीर्षकों,sheershakon
डेम,डम,dam
ड्वायार्थ,द्विअर्थी,dviarthee
जवाबाह,जवाबः,jawabah
बहुमाँ,बहुमान,bahumaan
जांचकरता,जांचकर्ता,jaanchkarata
वंडेमातरमम,वन्देमातरम्,vandemaataram
शोल्ड,शुड,should
एग्स्टा,अगस्ता,agsta
नेय,एनईयू,neu
दस्तखाथुुडा,दस्तखतशुदा,dastakhatshuda
सुरिनमा,सूरीनाम,surinama
किंगखा,किंगखान,kingkhan
तरस,तरस,taras
रिकेनेकटिंग,रिकनेक्टिंग,rekannecting
फैयब्रक,फाइब्रिक,phaibrik
क्लेयर,क्लेयर,clair
छेजत,छीजत,chhejat
मोमिनेोला,मोमिनटोला,mominatolaa
विरोध,विरोध,virodh
अरेना,अरेना,arena
उनियोववाडी,यूनियनवादी,unionwaadi
बमलेश्वरी,बम्लेश्वरी,bamleshvaree
बीओसीए,बोका,boca
इम्मेर्टटी,इम्मैच्योरिटी,immaturity
संस्थान,संसथान,sansthaan
जिन,जीन,jin
डादरेवा,ददरेवा,dadrewa
किडे,कीड़े,kide
करावनो,करावणौ,karawanou
पुटिन,पुतिन,putin
तंकार,टंकार,tankaar
खटकती,खटकती,khatakati
जड्,जड़,jadd
पुष्प,पुष्प,pushpa
जेएम,जीएम,gm
युसुगी,युसूगी,yusugi
कोरोला,कोरोला,korola
प्याडे,प्यादे,pyade
करवाएगी,करवायेगी,karavaayegee
बलातकारियों,बलात्कारियों,balaatkaariyon
जतती,जताती,jatatee
गुरदससपुर,गुरदासपुर,gurdaspur
श्रेष्ठावरूप,श्रेष्ठस्वरूप,shreshthaswaroop
शुभप्रभा,शुभप्रभा,shubhprabhaa
यूरोप्लस्ट,यूरोप्लास्ट,europlast
राष्ट्रभक्ों,राष्ट्रभक्तों,rashtrabhakton
कैंटरबारी,कैंटरबरी,canterbari
कम्यननिक्ट्स,कम्युनिकेटर्स,communicators
महामंच,महामंच,mahamanch
कॉवव,कॉन्वे,conway
डीवीएफ,डीडब्ल्यूएफ,dwf
रीव्स,रीव्स,reeves
डभोई,डभोई,dabhoi
भूतल,भूतल,bhootal
इनसानो,इंसानो,insaano
एमिल,एमिल,emily
विज्ञानम,विज्ञानम,vigyaanam
सपते,सपाटे,sapatey
अतवाल,अटवाल,atwaal
हिंडन,हिंडन,hindan
आऊससरी,ऑफिसरी,aaufisaree
मोंटकललयर,मोंटक्लेयर,montclair
पुर्नसववकीक,पुर्नस्वीकृत,purnsveekrit
रिचार्सन,रिचर्डसन,richardson
सांद्र,संदर्भ,sandrbh
फारगो,फार्गो,fargo
अलीम,अलीम,aleem
सप्तक्रांति,सप्तक्रांति,saptakranti
हीआरर,एचआर,hr
इमांदरी,इमानदारी,imaandaari
कोंट्र्केटिंग,कॉन्ट्रेक्टिंग,kontrekting
गंगाल,गंगाजल,gangajal
गौर,गौर,gaur
अधिकारियों,अधिकरियों,adhikariyon
बाधन,बंधान,bandhan
सेंधा,सेंधा,sendha
डाबल्योसदी,डब्ल्यूपीडी,dablyoopidi
ग्रविता,ग्रविटा,gravita
लिंकॉलन,लिंगकन,lincoln
प्रववृतिविविययं,प्रवृत्तिविज्ञानों,pravrittivigyanon
सेमेंटशन,सीमेंटेशन,cementation
बगड,बगड़,bagad
गेंट्री,जेन्ट्री,gentry
डैटसन,डैटसन,datson
मोंटेेलो,मोंटेबेल्लो,montebello
रेनेवेब्स,रिन्यूएबल्स,renewables
नकसलवाड,नक्सलवाद,naksalwad
एयरराज,ऐतराज़,aitraz
इतिभगववती,इतिभगवती,itibhagwatee
निवेषकर्ता,निवेशकर्ता,niveshkarta
पटकथाएं,पटकथाएं,patkathayen
काबिलेताराफ,काबिलेतारीफ,kaabiletaarif
भादस,भादस,bhaadas
भोगते,भोगते,bhogte
होल्डिंग,होल्डिंग,holding
धट्ता,धत्ता,dhatta
धोरों,धोरों,dhoron
उपख्यानों,उपाख्यानों,upakhyanon
फेयेटटविलल,फयेत्तेविल्ले,fayetteville
स्टॉक्टन,स्टॉकटन,stockton
बृजीेश,ब्रजेश,brijesh
प्रतिज्या,प्रतिज्ञा,pratigya
बढ़ाती,बढ़ाती,badhaati
थेन,थेन,then
थोमस,थॉमस,thomas
ध्येयवाडी,ध्येयवादी,dhyeywadi
ट्यूसाई,ट्यूजडे,tuesday
वीजीपीएल,डब्ल्यूजीपीएल,wgpl
ओवुम,ओवम,ovum
गटटी,गति,gati
न्यूकलययए,न्यूक्लियस,nucleus
क्रार,क़रार,kraar
पुरूषोत्तााायी,पुरूषोत्तमाचार्य,purooshottamaachary
माचंडा,मनचंदा,manchanda
लहसू,लहसुन,lahsun
नकााब,नक़ाब,naqaab
सुजा,सूजा,suja
मैकेंजजी,मैकेंज़ी,mckenzie
पुर्जों,पुर्जों,purzon
बहुंत,बहुंत,bahunt
ब्रावो,ब्रावो,bravo
अमानत,अमानत,amaanat
झुथला,झुठला,jhuthla
बुश,बुश,bush
चौखते,चौखटे,chaukhate
अपर,अपर,apar
एस्थेटिक,एस्थेटिक,asthetic
क्षेत्रादवार,क्षेत्रद्वारा,kshetradwara
सज्जा,सज्जा,sajja
धहाने,ढहाने,dhahaane
नरियालुक्त,नारियलयुक्त,nariyalyukt
जीलल,जूलूस,jealous
कुरससियो,कुर्सियॉ,kursiyo
सिंघाडे,सिंघाड़े,singhaadey
एमा,एमी,amy
अंतरमुख,अंतर्मुख,antarmukh
ठक्कर,ठक्कर,thakkar
बदबोलेपन,बड़बोलेपन,badbolepan
नक्सललियों,नक्सलियों,naxaliyon
मैन,मैनर,manner
हिमाली,हिमाली,himali
नकसलवाद,नक्सलवाद,naksalavaad
हेलएएफ,हॉफ,half
महाधरमधध्््षा,महाधर्माध्यक्ष,mahaadharmaadhyaksha
पारममजूड,परमौजूद,parmoujood
तिप्पनिर,टिप्पणीकार,tippanikar
पेरेल्,पेरेल्स,perels
भपैई,भपाई,bhapaee
बीताने,बीताने,beetaane
वालवे,वाल्व,valve
द्विरूकता,द्विरुक्त,dwirookta
एडडी,एड्डी,eddie
जिवनियाँ,जीवनियां,jivaniyaan
पंघल,पंघाल,panghal
खांड,खंडा,khand
उर्वरकों,उर्वरकों,urvarkon
बेसिन,बेसिन,besin
गिरिवासियों,गिरिवासियों,giriwasiyon
पराधिन,पराधीन,paradhin
पुखता,पुख़्ता,pukhtaa
अचनेरा,अछनेरा,achnera
कारसन,कार्सन,carson
देल्टा,डेल्टा,delta
त्रिपुरा,त्रिपुरा,tripura
अलाममनी,अलयमनी,alaymani
खेडा,खेड़ा,kheda
नहरगढ़,नाहरगढ,nahargarh
शलिमार,शालीमार,shalimar
इम्मैकयरररटटी,इम्मैच्योरिटी,immaichyority
एलेंड्ट,एलएंडटी,elendt
प्रोपर्साबु,प्रॉपरफेसबुक,properphasebuk
उदानों,उड़ानों,udanon
महाजान,महाजन,mhajan
मोस्स,मोसेस,moses
बतायकी,बतायाकि,bataayaaki
अलाई,अली,alai
इलेक्ट्रमीररर,इलेक्ट्रोमीटर,ilectromeetar
अमोड,आमोद,amod
रूकेंगे,रूकेंगे,rookenge
मारिया,मारिया,maariya
रागों,रागों,raagon
आइपाइफ,आइपीएफ,aaipief
फलितार्था,फलितार्थ,phalitartha
सुपाचय,सुपाच्य,supachy
अवाशिस्त,अवशिष्ट,awashist
इशत,ईष्ट,ishat
रते,रेट,rate
आता,आटा,aata
महालों,महलों,mahalon
वरिष्थों,वरिष्ठों,warishthon
जलापोट,जलपोत,jalapot
कतररिना,कैटरीना,katrina
जिस्मफरोशी,जिस्मफरोशी,jismafaroshee
सालररी,सैलरी,salary
राजा,रज़ा,raza
रेक्टेर,रैकेटियर,rectare
बसिल,बेसिल,basil
बढ़ाा,बढ़ाता,badhaataa
चरंबा्धा,चरणबद्घ,charanbaddha
भडकाया,भड़काया,bhadkaya
सहित्योत्व,साहित्योत्सव,sahityotsav
नरसीपुरा,नरसीपुरा,naraseepura
समझंगा,समझूंगा,samjhunga
चंद्रपुर,चंद्रपुर,chandrapur
सरका,सरका,sarkaa
धा,ढाह,dhaah
प्रौध,प्रौढ,praudh
अहितकारी,अहितकारी,ahitakaaree
दरावनी,डरावनी,darawani
बेलिंडा,बेलिंडा,belinda
अलायमी,अलयमनी,alayamanee
दातसुन,डैटसन,datsun
अते,अते,ate
फास्टेनर्स,फास्नर्स,fasteners
बंगरवाला,बंगरावाला,bangravala
सैरा,सायरा,saira
अत्ट,अट्टहास,atthas
निरदल,निर्दल,nirdal
महबुबनगर,महबूबनगर,mahbubnagar
दराटे,डराते,daratey
वाल्ककन,वल्कन,valkkan
खस्तौर,ख़ासतौर,khastaur
बरसाई,बरसाई,barsaai
अनंद्ायक,आनंददायक,ananddaayak
बानबी,बांबी,banbi
तोह,तो,toh
असममन्ये,असमान्य,asmanye
विपान्ता,विपन्नता,wipannta
स्पास्ट,स्पस्ट,spast
अम्जेरा,अमझेरा,amzera
बेचकर,बेचकर,bechakar
घटाबा़,घटबढ़,ghatabadh
कौशलता,कौशलता,kaushalta
मशीने,मशीन,machine
वायरलेस,वायरलेस,wireless
फेनन,फैंन,fainn
गानो,गानो,gaano
खा्भाट,खंभात,khambhat
क्यूयाीीस,क्यूआईपीएस,kyooaaeepeees
डबलििन,डबलिन,dublin
एनटीए,एमटीए,mta
समृद्धियों,समृद्धियों,samruddhiyon
राधाक्षणासस,राधाकृष्णदास,radhakrushnadas
कांस्तिं,कांस्टिंग,kaansting
इदुक्की,इड्डुक्कि,idukki
इंडुस््रियल,इंडस्ट्रियल,industrial
भरतववशी,भारतवंशी,bharatwanshee
माँगी,मांगी,maangi
रोबिन्स,रॉबिंस,robins
व्लाडिमिर,व्लादिमीर,vladimir
पेहोवा,पेहोवा,pehowa
बघ,बाग,bagh
उम्मीद्वार,उम्मीदवारी,ummidwaaree
साफगोई,साफगोई,saafgoi
कूट्ता,कूत्ता,koottaa
अदेन,एडेन,adain
ग्रेनाइट,ग्रेनाइट,grenite
उस्तरा,उस्तरा,ustara
धूंधता,ढूंढता,dhundhta
संघियता,संघीयता,sangheeyataa
कुमारी,कुमारी,kumari
देपथिरिया,डिप्थीरिया,depthiriya
अडचने,अड़चने,adchane
कोरियाह,कोरियाः,koriyaah
प्रपत,प्रपात,prapat
छुड़ााय,छुड़वाया,chhudawaaya
सुइया,सूइयां,suiyan
वेरोनिका,वेरोनिका,veronika
शेयफफलर,स्कैफलर,schaeffler
ज्यादा,ज़यादा,jyaadaa
पोटर,पॉटर,potter
मेडिया,मीडिया,media
यारुलेम,यरूशलेम,yarushalem
पिचडे,पिछड़े,pichde
लेतसेंग,लेटसेंग,letaseng
अर्थव्वससााानन,अर्थव्यवस्थताओं,arthavyawasthataaon
ककू,काकू,kakoo
निर्देशिका,निर्देशिका,nirdeshika
सेटो,सेटो,seto
नवते,नवाते,navate
संवेदशीलाा,संवेदन्शीलता,samvedansheelata
रोडरेज,रोडरेज,roadrej
छहों,छहों,chhahon
लफ्ज,लफ्ज,laphj
वंश्ाद,वंशवाद,vanshvad
रोहतक,रोहतक,rohtak
अटकता,अटकता,atakta
बावरा,बावरा,baawaraa
कृतीबाभ,कृबरभ,kribarabh
प्रकशकख,प्रकाशकः,prakashakah
स्टाइरोलयशशन,स्टायरोल्यूशन,styrolution
अपारदर्शी,अपारदर्शी,apaardarshi
बेंगालुर,बेंगलुरु,bengaluru
अंधपप,अंधापन,andhapan
मैनान,मैनन,mainan
क्याह,क्याः,kyaah
फोर्मुला,फार्मूले,formulae
हमालवर,हमलावर,hamalavar
अमावस्य,अमावस्या,amavasya
पूर्वपेेषाओं,पूर्वापेक्षाओं,purvapekshaaon
दैशवाला,डैशवाला,daishawaalaa
ओकलहहमा,ओकलाहोमा,oklahoma
दरमैत,डारमैट,darmait
सहकाकर,सहकलाकार,sahakalakar
फतमा,फातमा,fatma
खलती,खलती,khalati
दयित्वा,दायित्व,dayitva
क्यूसैक्स,क्यूसैक्स,kyusaiks
तोलकर्मी,टोलकर्मी,tolakarmee
वरससन,वर्शन,version
परिसमवाद,परिसंवाद,parisamvad
इम्यन,इम्युन,immune
बचती,बचती,bachti
यूटिलाटटीज,यूटिलिटीज,utilities
मलमास,मलमास,malmaas
कैडमियम,कैडमियम,cadmium
एंटटोच,एन्टीओक,antioch
खटेदाार,खातेदार,khatedaar
मोहिनी,मोहिनी,mohini
विश्वासनियता,विश्वसनीयता,vishwasniiyataa
रहमैन,रहमान,rehman
कंबलों,कंबलों,kanblon
आर्यिका,आर्यिका,aaryika
मररेज,मैरेज,marrej
छींक,छींक,chheenk
फलाता,फलता,phalata
बागोरा,बागोरा,baagoraa
पकौडे,पकौड़े,pakaude
लूसी,लूसी,lucie
फतेहगढ़,फतेहगढ़,fatehgadh
ग्रहनकल,ग्रहणकाल,grahanakaal
जोबस,जॉब्स,jobs
सदानंद,सदानंद,sadanand
ड्ट्ट,दत्त,dutt
मुर्ीीपलान,मुर्गीपालन,murgeepalan
लुरहाते,लुढ़कते,lurhakate
पालमोनरी,पल्मोनरी,palmonari
विन,डब्ल्यूआईएन,win
उभारा,उभारा,ubhaara
बीईके,बेक,beck
पदरौना,पडरौना,padaraunaa
बंढाते,बांधते,bandhate
कपूर,कपूर,kapoor
सेवाला,सेवाला,sevaala
वर्शन,वर्शन,vershan
चिढ़ते,चिढ़ते,chidhate
थने,थाणे,thane
निकलोगी,निकलेगी,nikalogi
मोगाी,मोगली,mogali
ड्रेडर,ड्रेजर,dredger
नागारिक,नागारिक,nagarik
गजीपुर,गाजीपुर,gajipur
वडक,वादक,vadak
मिचल,मिचेल,mitchell
ग्ञात्व,ज्ञातव्य,gyatvy
स्तंधारी,स्तनधारी,standhaari
धोराजी,धोराजी,dhoraaji
अब्द्ननासवर,अब्दुन्नासिर,abdunnaasir
विश्ववंध्या,विश्ववंद्या,vishvwandhya
सत्यार््रपपर,सत्यार्थप्रकाश,satyaarthprakash
शिवामोगगा,शिवमोगा,shivamogga
घुमक््डी,घुमक्कड़ी,ghumakkdi
गयें,गाएं,gayen
ची,ची,chee
थेयटरों,थिएटरों,theateron
अनाधियारिक,अनाधिकारिक,anadhikaarik
शसक,शासक,shasak
हिनेस,हाइंस,hines
बेट्टियह,बेतिया,bettiah
धतना,धटना,dhatna
रहमत,रहमत,rahamat
मोतीहार,मोतिहारी,motihari
पिरसन,पियरसन,pearson
उजबैक,उज़्बेक,ujback
व्हीलिंग,व्हीलिंग,wheeling
पाइथोरास,पाइथागोरस,pythogaras
विप्रो,विप्रो,wipro
काबिलेतररफ,काबिलेतारीफ,kaabiletaareef
जमाते,जमाती,jamaate
पुलम,पुलम,pulam
दौबारा,दौबारा,daubaaraa
पोर्टिलो,पोर्टिलो,portillo
अधिक,अधीक,adhik
धूमररपान,धुम्रपान,dhumrapaan
दामपत्य,दांपत्य,daampatya
जमुदििया,जामुड़िया,jamudiya
पेडू,पेडू,pedoo
पिपरा,पिपरा,pipra
ब्लेयर,ब्लेयर,blair
कम्यनिकेशंस,कम्यूनिकेशन्स,communications
अलायंस,अलायंस,alayans
अरादा,अरदास,aradas
गुडना,गुदना,gudna
जस्ट,जस्ट,just
आवाजों,आवाज़ों,aawajon
बेनवर,बेंवर,benvar
अमारिलो,अमारिलो,amarillo
ब्रम्हांद,ब्रह्माण्ड़,bramhaand
दिखाई,दिखार्इ,dikhai
तंत्रो,तंत्रों,tantro
आसन,आसान,aasan
तुग्लाकााद,तुगलकाबाद,tuglakabad
सटटन,सट्टन,sutton
कांडरार,कंदरौर,kandrour
खन्ना,खन्ना,khanna
निकानी,निकालनी,nikalani
दिबाू,डिबनू,dibanoo
इम्मचक्यररटटी,इम्मैच्योरिटी,immachyoritee
तोलासन,तोलासन,tolaasan
जानाकरी,जानाकरी,jaanaakaree
लिवाल,लिवाल,liwaal
एंजललइन,एंजेलिन,engeline
रुशिता,ऋषिता,rushitaa
फ्लिंटट,फ्लिंट,flint
वृष्चिकाापापा,वृश्चिकःसप्ताह,vrishchikahsaptah
आसमती,आसमती,aasmatee
गिरकर,गिरकर,girkar
वैज्ञानिक,वैज्ञानिक,vaigyaanik
बिशधी,बिशड़ी,bishadhee
फूलती,फूलती,phoolatee
पुना््थानन,पुनःस्थापना,punahsthapana
बढ,बाध,badh
गंधा,गंध,gandha
चक्षु,चक्षु,chakshu
मिक्ताम,मिकटॉम,miktaam
लिडडरों,लीडरों,liidaron
ज़बरदस्त,ज़बर्दस्त,zabardast
स्टुटी,स्तुति,stuti
औरातो,औरतो,aurato
हेबलिकर,हेब्लिकर,heblikar
रत्तेबजी,रट्टेबाजी,rattebaajee
फ्रेंससस्क,फ्रांसिस्का,francisca
मुमबा,बंबा,mumba
प्रतियुक्ति,प्रतियुक्ति,pratiyukti
दरती,डराती,darati
प्रानो,प्राणों,pranon
मदीसों,मेडिसन,madison
निभाएगी,निभाएगी,nibhaaegee
मायर्स,मयर्स,myers
कश्यप,कश्यप,kashyap
ब्राइडडिर,ब्रिगेडियर,brigadier
अं्बिकाओं,अम्बिकाओं,ambikaaon
होगाह,होगाः,hogaah
ईशाक,इशाक,ishaak
सुमी,सुमि,sumi
देशभक्तमयय,देशभक्तिमय,deshbhaktimaya
धर्माप््रियाँ,धर्मपत्रियां,dharmapatriyaan
कृष्णागर,कृष्णानगर,krishnanagar
ईएच,ईए,ea
आयुध्न्रमानी,आयुधनिर्माणी,aayudhnirmaanee
ताजा,ताजा,taaja
अजस्र,अजस्र,ajasra
फिजुलखरची,फिजूलखर्ची,fijulkharchi
मंत्रयों,मंत्रयों,mantrayon
तंटा,तांता,tanta
डेलर्शिप,डीलरशिप,dealership
चापेल,चैपल,chapel
ध्वननिमिकों,ध्वनिमिकों,dhwanimikon
इडुकेश,एजुकेशन,education
जरख,जरख,jarakh
नीत,नीट,neet
जिलावाियों,जिलावासियों,jilawaasiyon
संप्रभभुता,संप्रभुता,samprabhuta
कसेगा,कसेगा,kasegaa
पाकाेवाला,पकानेवाला,pakanevala
दीपन,दीपन,deepn
कलसान,कलसाना,kalasaanaa
मुगालता,मुगालता,mugaalataa
तोकने,टोकने,tokne
फलिभूत,फलीभूत,falibhoot
ग्योंथ,ग्योंठ,gyonth
दिखाई,दिखार्इ,dikhaai
शामजीभाई,शामजीभाई,shaamjeebhaaee
पहनाकर,पहनाकर,pahnaakar
किसानी,किसानी,kisaani
उधारदाााओं,उधारदाताओं,udhaaradaataaon
रामतेक,रामटेक,ramtek
व्याख्ययात््तत,व्याख्यात्मकता,wyaakhyaatmaktaa
सोमवार,साेमवार,somvaar
विस्त,विस्टा,vista
पोलिमर,पॉलिमर,polimer
रक्तभ,रक्ताभ,raktaabh
भुगता,भुगता,bhugta
भ्रष्टाचारययो,भ्रष्टाचारीयों,bhrashtachareeyon
खटकती,खटकती,khatakti
मुख्यमंत्रियों,मुख्यमन्त्रियों,mukhyamantriyon
मदद,मैड,mad
कक्षाग,कक्षांग,kakshaang
जै,जैन,jain
महिन,महीन,mahin
सूरवान,सुर्वणा,survana
बाँगरोिया,बांगरोटिया,baangarotiya
रसायिक,रसायनिक,rasaayanik
औरोरा,औरोरा,aurora
चमचगगरी,चमचागिरी,chamchagiree
एनसीआरआसीी,एनसीआरडब्ल्यूसी,ncrwc
ऐंथे,ऐंठे,ainthey
एएसईल,एस्सेल,essel
देशसेवा,देशसेवा,deshsewa
इलेक्ट्रोटकस,इलेक्ट्रोटेक्स,ilectrotecs
वर्चारज,वर्कचार्ज,workcharge
कारवाई,कार्वाई,kaarwaai
झंकटा,झांकता,jhanktaa
यर्गेंट,अर्जेंट,urgent
सप्रमन,सप्रमाण,sapraman
मौर्य,मौर्यों,maurya
जिनी,जिनी,jini
जगदीशचंररर,जगदीशचंद्र,jagadeeshachandra
असुरक्षित,असुरक्षित,asurakshit
काव्योकतियाँ,काव्योक्तियां,kaavyoktiyaan
अलंकार,अलंकार,alnkaar
स्वाप्रेमियों,स्वादप्रेमियों,svadpremiyon
जात,जातक,jaatak
रॉलर्स,रोलर्स,rollers
अशक्तता,अशक्तता,ashaktataa
काथियााडी,काठियावड़ी,kaathiyavadee
आवृति,आवृत्ति,aavriti
विद्याये,विद्याएं,vidyaayein
विधिवत,विधिवत,vidhivat
राढे,राधे,raadhe
मुयामंतरसाााााााा,मुख्यमंत्रीसंवाददाता,mukhyamantrisamvaaddaata
प्रांसंगली,प्राणसंगली,praansangalee
कनलोग,कनलोग,kanalog
पुदुक्कोटाई,पुदुकोट्टई,pudukkottai
निकी,निकी,nicky
फुहाद़ता,फूहड़ता,fuhadtaa
पैटाचेप,पटाक्षेप,patachep
रेट्रेट,रीट्वीट,retreate
मनोवैज्ञाियों,मनोवैज्ञानियों,manovaigyaaniyon
स्तानाारी,स्तनधारी,stanadhari
मुख्योधधयया,मुखोपाध्याय,mukhyopadhyaay
निरबाध,निर्बाध,nirbaadh
तोडने,तोडऩे,todne
अवुति,आवृत्ति,avuti
परिक्षंकरतओओं,परीक्षणकर्ताओं,parikshankartaon
एक्स्टैट्र,एक्सटेक्टर,extactor
नशिक,नाशिक,nashik
रसययों,रसायनों,rasayanon
वैत्रवत,वैत्रवती,vaitravati
ओग्रेनाजज,ऑग्रेनाइज,ogrenaaij
चौसिंघा,चौसिंगा,chausingha
फलोड़ी,फलोदी,phalodi
स्खलन,स्खलन,skhalan
पनामा,पनामा,panaamaa
निगर,निगर,nigar
मोंटे,मोंटे,monte
सुनीति,सुनीति,suneeti
श्रबों,शराबों,shrabon
अंबबिकाओं,अम्बिकाओं,ambikaon
गुजरा,गुजारा,gujara
फोटोफ्रेम,फोटोफ्रेम,photofrem
प्रहलाड,प्रहलाद,prahlaad
बीसवां,बीसवां,beesavaan
द्विवेडी,द्विवेदी,dvivedi
देनेवाली,देनेवाली,denewaali
बुरलेसन,बर्ल्सन,burleson
भारदवाज,भारद्वाज,bharadwaj
जताती,जताती,jataati
मालेगांव,मालेगांव,malegaon
रहुगााँ,रहुगाँ,rahugaan
महामंत्र,महामंत्र,mahamantra
बीस्ट,बीस्ट,beast
दिव्यता,दिव्यता,divyata
संजीवन,संजीवन,sanjivan
कुपोषित,कुपोषित,kuposhit
एक्स्क्ेशन,एक्सक्लेशन,eksclation
चढ़गा,चढ़ेगा,chadhega
टेक्सारकान,टेक्सरकाना,texarkana
डुंगपुर,डूंगरपुर,dungerpur
सराही,सराही,sarahi
लालपररी,लालपरी,laalaparee
एयोनोटिक्स,एरोनॉटिक्स,aeronautics
वोर्थ,वर्थ,worth
आस्तीन,आस्तीन,aasteen
स्वाप्िका,स्वप्निका,svapnika
उपकार्ययायों,उपकार्यालयों,upakaaryaalayon
मिमिक्री,मिमिक्री,mimicry
बललभ,बल्लभ,ballabh
वेरिफिकेशन,वैरीफ़िकेशन,veriphication
हैकेंक,हैकेंसैक,hackensack
आकाश,आकाश,aakaash
बोना,बोना,bona
क्लॉक,क्लाक,clock
दफा,द़फन,daphan
पेगव,पेगव,pegav
कहलाया,कहलाया,kahlaya
मधीखेधा,माड़ीखेड़ा,madheekhedha
तेलीबग,तेलीबाग,teleebag
धारक,धारक,dhaarak
निकालनी,निकालनी,nikaalani
कंघघे,कंघे,kanghe
प्रश्नोत््री,प्रश्नोत्तरी,prashnottari
काकिनाडा,काकीनाड़ा,kakinada
भाग्ोदाय,भाग्योदय,bhaagyoday
सिंगजर,सिंगार,singer
मचाए,मचाए,machaye
लेखकगणों,लेखकगणों,lekhakganon
उछलने,उछालने,uchhalne
धर्मााजने,धर्मराजने,dharmarajne
ऐंजल,ऐंजल,ainjal
बंटता,बंटता,bantata
फर्म,फाॅर्म,pharm
रवेल,रवैल,ravel
हनुमंगढ़,हनुमानगढ़,hanumangarh
वीरान्ााओं,वीरांगनाओं,veeraangnaaon
गयत्री,गायत्री,gaytri
वेंकटरमन,वेंकटरमन,venkatraman
डिबनू,डिबनू,dibnoo
पुरूषोत्तमाायी,पुरूषोत्तमाचार्य,purooshottamachaary
संयोजकों,संयोजकों,sanyojakon
झाऊगंज,झाउगंज,jhaauganj
सरकरें,सरकारें,sarkaren
न्यूटेस्ट,न्यूटेस्ट,newtest
श्रीकर,श्रीकर,shrikar
मिताओ,मिटाओ,mitaao
दियोत्सिद्ध,दियोटसिद्ध,diyotsiddh
भूपसिंह,भूपसिंह,bhoopsingh
चरचाएं,चर्चाएँ,charchaaen
प्रसरकों,प्रसारकों,prasarakon
निशपाप,निष्पाप,nishpaap
फ्लान,फ्लिन,flin
रणनीतीबान,रणनीतिबना,ranneetibanaa
ईयर्जी,ईआरजी,eeaarjee
धागा,धागा,dhaagaa
गोमुख,गौमुख,gomukh
जड,जूड,jud
खनिकारमी,खनिकर्म,khanikarmi
शरभ,शरभ,sharabh
अरेलननो,अरेलानो,arellano
उखाधकर,उखड़कर,ukhadhakar
लेनेवली,लेनेवाली,lenevali
कुमार,कुमार,kumar
सिंघ़े,सिंघाड़े,singhde
टोंसिल,टोंसिल,toncil
दविंदरपल,दविन्दरपाल,davindarpal
सिंगार,सिंगार,singaar
खिसकते,खिसकते,khisakate
एनिड,एनिड,enid
मेगापिककल,मेगापिक्सल,megapixal
डिग्विजय,दिग्विजय,digvijay
फज़लों,फजलों,fazalon
डोग,दोगे,doge
लबेलों,लेबलों,labelon
मुनफा,मुनाफा,munafa
बढ़ने,बड़ने,badhane
वेर,वैरी,very
सातसेरा,सातसेरा,saatsera
ओर्ेगा,ओर्टेगा,ortega
रोव,रोवे,rowe
भटिया,भाटिया,bhatia
राजस्थावसलियों,राजस्थानवासियों,raajsthanwasiyon
बागबीीखों,बागबगीचों,baagbageechon
विलकिंसन,विल्किंसन,wilkinson
दराती,डराती,daraati
अटके,अटके,atke
प्रमुखापपपररर,प्रमुखतापूर्वक,pramukhataapoorwak
यतना,यत्न,yatna
नितिन,नितिन,nitin
सिटि,सिटी,city
रेडिको,रेडिको,radico
दुकानों,दुकानों,dukanon
जलससंधन,जलसंसाधन,jalsansadhan
मस्येंदरााथथ,मत्स्येंद्रनाथ,masyendranath
बेहर,बिहार,behar
बर्शीय,बर्षीय,barsheey
अवररु,अवरु,avru
डाव,दाव,daw
नकब,नक़ाब,naqab
सरेगममा,सारेगामा,saregama
हुगली,हुगली,hugli
सत्ती,सत्ती,satti
नेग,नेग,neg
महाबलेश्र,महाबलेश्वर,mahabaleshwar
प्लेसेशिया,प्लेसेंटिया,placentia
वरसाचे,वर्साचे,varsaache
कुमा,कुमाऊ,kumau
ईएमई,एमी,emi
थीयाट्रस,थियेटर्स,theatrs
एरीका,एरिका,erika
खिंचकर,खिंचकर,khinchakar
रौबाार,रौबदार,raubadar
अल्टो,ऑल्टो,alto
काव्यविधाओओं,काव्यविधाओं,kavyavidhaaon
कून,कून,coon
अकरों,अक्रोन,akron
तहखना,तहखाना,tahkhaana
समजजजनों,समाजजनों,samajjanon
मचाए,मचाए,machaaye
सूर्यदेव,सूर्यदेव,suryadev
प्रथमिक,प्राथमिक,prathamik
प्रववृतरियों,प्रवृत्रियों,pravritriyon
ताजा,ताजा,taajaa
जिवनशैली,जीवनशैली,jivanshaili
रक्तदाताओं,रक्तदाताओं,raktdaataaon
बलेश्वर,बालेश्वर,baleshwar
भौतिकवादियों,भौतिकवादियों,bhautikwaadiyon
लगाती,लगातीं,lagaateen
झैयां,झाइयां,jhaiyaan
वंशवाद,वंशवाद,vanshvaad
नवागग,नवानगर,navanagar
नजजरनजजज़,नजरंदाज,najarandaaz
अंशांकन,अंशांकन,anshaankan
फुंकने,फुंकने,funkane
मतपत्रों,मतपत्रों,matpatron
मोडुले,मॉड्यूल,module
फार्मस,फार्म्स,farms
पहुंचोगी,पहुंचोगी,pahunchogee
मैइद,मैडी,maidi
थिएफफ,थीफ,thief
प्फाडलर,फाउडलर,pfaudler
अमित,अमित,amit
पूर्वभारररदद,पूर्वाभाद्रपद,poorvabhadrapad
लंडाा,लंगड़ा,landara
गोनपो,गोंपो,gonpo
वेसले,वेस्ले,vesle
शाओ,शाओ,shaao
हमीदान,हामिदन,hamidan
वीक्स,वीक्स,weeks
मिनेरल,मिनरल,mineral
सेंटेननियल,सेंटेंनियल,centennial
बस्तियो,बस्तियो,bastiyo
बगगबगिचों,बागबगीचों,bagbagichon
प्रानत,प्रनीत,pranit
भेदाभाओं,भेदभावों,bhedabhaavon
कराहना,कराहना,karaahanaa
ग्रीनविले,ग्रीनविल,greenville
शेरावत,सहरावत,sherawat
रालउड,रालोद,ralaud
जटकों,जातकों,jatakon
रिश्ते,रिश्ते,rishte
बेंटोनववले,बेंटनविल,bentonville
नजीबाबाद,नजीबाबाद,najibabaad
फाइनेंसरर्स,फाइनेंसर्स,financiers
फतही,फटही,phatahee
केराला,केरला,kerala
लड़ाइयों,लड़ाईयों,ladaaiyon
हरिजन,हरिजन,harijan
व्हिटकर,वाईटेकर,whitaker
विदिशा,विदिशा,vidisha
पौल,पॉल,paul
आर्यों,आर्यों,aryon
खिलाना,खिलाना,khilana
छुटने,छूटने,chhutane
दुखियों,दुखियों,dukhiyon
पूर्नेश्वरी,पूर्णेश्वरी,poorneshwari
विसबल,विसबल,visabal
दरम्यनी,दरम्यानी,daramyanee
यारी,यारी,yari
विधमान,विधमान,vidhamaan
यात्रएं,यात्राएं,yatraein
संटेक,सनटेक,sunteck
गुजरता,गुजारता,gujarata
नियंता,नियंता,niyanta
डूम,डम,dum
अवास्थी,अवस्थी,awasthi
प्लस,पल्स,plus
भेन,भें,bhen
सीटोप्स,स्टॉप्स,stops
ढकेलते,धकेलते,dhakelte
केपीओ,केपीओ,kpo
डामघोंटुु,दमघोंटू,damghontu
इनसानो,इंसानो,insano
मेरेएज,मैरेज,merraige
असफललट,एस्फाल्ट,asfalt
लाउडडरी,लॉन्ड्री,laundry
रत्नाभूषण,रत्नाभूषण,ratnaabhooshan
स्क,स्की,ski
दुश्वाियों,दुश्वारियों,dushwaariyon
अनुप्रयोोों,अनुप्रयोगों,anupryogon
देशसेवा,देशसेवा,deshseva
लेला,लेलऽ,lela
जगरागल्लू,जगारागल्लू,jagaragallu
मेजबाी,मेजबानी,mejbani
देहरी,डेहरी,dehri
चकककर,चक्कर,chkkar
क्रेवफोर्ड,क्रोफोर्ड,crawford
गुदुरी,गुदुरी,guduri
डीवीसी,डीवीसी,dvc
प्रक्रियागत,प्रक्रियागत,prakriyagat
गग,नग,nag
मत्स्यवतर,मत्स्यावतार,matsyavatar
स्कुतरों,स्कूटरों,scootaron
अर्धवि्वा,अर्धविश्वास,ardhavishvas
दरम्यानी,दरम्यानी,daramyaanee
सूरवाा,सुर्वणा,survanaa
स्थितियाँ,स्थितियां,sthitiyan
धर्मानं,धर्मानंद,dharmaanand
सोफ्नर,सॉफ़्नर,sofner
स्क्वश,स्क्वैश,squash
विधानसभाएं,विधानसभाएं,vidhansabhaen
रैंडललफ,रैंडोल्फ,randolph
मेजबाा,मेज़बान,mezbaan
स्परित,स्प्रिट,sprit
शीलभंग,शीलभंग,sheelabhang
कलमें,कलमें,kalmein
स्वर्णिका,स्वर्णिका,swarnikaa
मांडी,मंडी,mandi
अर्थव्वससाानन,अर्थव्यवस्थताओं,arthawyavasthataaon
कुंडलिया,कुंडलियाँ,kundaliya
नीमकाठना,नीमकाथाना,nimkathana
फर्म,फाॅर्म,farm
हत्यारोपित,हत्यारोपित,hatyaaropit
पुत्ता,पुट्टा,putta
फारेंसिस,फारेंसिस,faurensis
पुरूषोत्तमालयी,पुरूषोत्तमाचार्य,purooshottamachary
बोंड्स,बॉंन्ड्स,bonds
शिकायतक्ता,शिकायतकर्ता,shikaayatkartaa
क्रोंफ्रेंिंग,क्रान्फ्रेंसिंग,cronfrencing
यबीएल,उबाल,ubal
बाबाओ,बाबाओ,baabaao
हलमततुरा,हलमतपुरा,halmatpura
हकीकक,हकीकत,haqeeqat
बरमा,बर्मन,barman
वर्तमान,वर्तमान,vartmaan
बांती,बांटीं,baantin
अचंभा,अचंभा,achanbha
जीवापर्यंत,जीवनपर्यंत,jiwanparyant
वडारा,वदरा,wadara
सदाके,सडक़ें,sadaqen
एआईससएए,एेसा,aisa
ज्योतिश्यस्रररर,ज्योतिष्यशास्त्रों,jyotishyshastron
पाइथागरास,पाइथागोरस,pythagoras
एंजेलिन,एंजेलिन,engelin
कपोललकललान,कपोलकल्पना,kapolkalpana
ड्रोपाडियों,द्रोपदियों,dropadiyon
रोजलिन,रोजलिन,rozlyn
श्रीराम,श्रीराम,sriram
गोपालक,गोपालक,gopaalak
बंगबंधू,बंगबंधु,bangbandhu
मिस्त्रियाँ,मिस्त्रियां,mistriyan
उसय,उसेे,usay
मररैडो,मर्काडो,mercado
मैसोरे,मैसोर,maisore
ओफशोर,ऑफशोर,offshor
कपूर्थला,कपूरथला,kapurthala
सहोवलीया,साहोवालिया,sahovaliya
मलादहिया,मलदहिया,maladahiya
हामेन,हाइमन,hymen
इं्ौरनगर,इंदौरनगर,indaurnagar
विशेशा्यााओं,विशेषज्ञताओं,visheshagyataon
उसकी,उसकी,usaki
कैप्लिन,कैपलिन,caplin
महाप्रन,महाप्राण,mahapran
रूपेश,रुपेश,rupesh
रेनो,रिनो,reno
सुदीप्तं,सुदीप्तों,sudeepton
स्वमी,स्वामी,swamy
अमारा,अमारा,amara
व्यवस्थमुलक,व्यवस्थामूलक,vyavasthaamoolak
सेंसिंग,सेंसिंग,sensing
टायलर,टाइलर,tyler
संगरेर्डी,संगारेड्डी,sangareddi
पहनो,पहनो,pehno
मारदानी,मरदानी,mardani
बमलेश्वरी,बम्लेश्वरी,bamleshwaree
दीवानी,दिवानी,deewani
फिनकॉर्प,फिनकॉर्प,fincorp
नवा,नवा,navaa
शिमत,शिमट,shimat
सोहावल,सोहावल,sohawal
बनाम,बनाम,banaam
प्रवरुतरियों,प्रवृत्रियों,prawrutriyon
सियंग,शियोंग,xiong
वारसस्ेड,वर्स्टेड,varsted
राजों,राजों,raajon
चीखना,चीखना,cheekhana
नैमुल,नैमुल,naimul
बढोोतरी,बढ़ोतरी,badhotri
एंटोी,एंटोनी,antony
छन्यासा,छांयसा,chhanyasa
निर्देिका,निर्देशिका,nirdeshikaa
निप्ताा,निपटारा,niptaaraa
जुडे,जुडने,judne
सुझती,सुझाती,sujhati
पैथलोगिस्ट,पैथेलॉजिस्ट,pathalogist
टाइड,टाइड,tide
श्रुंगर,शृंगार,shrungar
ब्रांडस,ब्रान्डेस,braandes
परमेश्वररर,परमेश्वरपुर,parmeshvarpur
जेदतिीसा्ट,जेडटीईसाफ्ट,jedateeisaaft
उद्धतन,उद्धाटन,uddhaatan
स्टनन,स्टैन,stan
आदिवादियों,आदिवादियों,aadivaadiyon
जुलाहों,जुलाहों,julaahon
महाराज,महाराजा,maharaja
गतिशिलता,गतिशीलता,gatishilata
शिप्र,शिप्रा,shipra
त्राबुनाल,ट्रिब्युनल,tribunal
खाइबर,ख़ैबर,khyber
वानविभग,वनविभाग,wanvibhag
घटातोप,घटाटोप,ghataatop
धर्मगग्वंों,धर्मग्रंथों,dharmagranthon
प्रवृततियों,प्रवृत्तीयों,prawrittiyon
गांथ,गांठ,gaanth
मासोरे,मैसोर,mysore
सेगल,सहगल,sehgal
नमकिन,नमकीन,namkin
वैध,वैध्,vaidh
वनस्तियां,वनस्पतियाँ,vanaspatiyaan
जियांगको,जियांगकोऊ,jiangkou
पखाडी,पाखंडी,pakhandi
प्रोटेक्टस,प्रोटेक्ट्स,protekts
एलबाईनो,एल्बाइनो,elbaino
लिंडे,लिंडेन,linden
सोहवल,सोहावल,sohaval
भुरभुरा,भुरभुरा,bhurbhura
गास्ट्रोॉजी,गैस्ट्रोलॉजी,gastrology
विडररप,विद्रूप,widroop
सजसजजा,साजसज्जा,sajsajja
रात्रिचार,रात्रिचर,raatrichar
रोजना,रोजना,rojana
जलभररव,जलभराव,jalbhrav
मोंटगोमरी,मोंटगोमरी,montgomery
सेव,सेव,sev
भ्रस्त्रचारयों,भ्रष्ट्राचारियों,bhrastrachariyon
डीएनएन,डीडब्ल्यूएन,dwn
स्त्रेशन,स्ट्रेशन,streshan
गंथे,गांठे,ganthe
गहलोट,गहलोत,gehlot
छटेनी,छतेनी,chhateni
विश्वासनीय,विश्वसनीय,vishwasniiya
जिवनियां,जीवनियां,jivaniyan
दस्तानें,दस्तानें,dastaanen
धोना,धोना,dhona
खरुवाार,खरुवार,kharuwaar
सुरिनमे,सूरीनाम,suriname
मंगलसिंह,मंगलसिंह,mangalsinh
अन्योन्यास्तत,अन्योन्याश्रितता,anyonyashritta
निंटीज,नाइनटीज,ninties
पांचोलास,पांचोलास,paancholaas
रेसन,रेसों,reson
वातानुकुतिों,वातानुकूलितों,vaataanukooliton
चतुष्षोीय,चतुष्कोणीय,chatushkoniya
आमदी,आमदी,aamdi
दुष्टापर्वक,दुष्टतापूर्वक,dushtaapurvak
बेचते,बेचते,bechate
चुका,चौका,chuka
मिजोराम,मिज़ोरम,mizoram
टोरंस,टोरेंस,torrance
अनुचिित,अनुचित,anuchit
अवरोधक,अवरोधक,avarodhak
रोस,रॉस,ross
अच्युत,अच्युत,achyut
ऊधमी,ऊधामी,oodhami
हरवल,हरावल,haraval
गौल्ड,गोल्ड,gould
दाव,दाव,daaw
श्रींविज्ञानन,सृजनविज्ञानी,srijanvigyanee
नेक्स््ेन,नेक्स्टजेन,nextgen
रुकवतों,रूकावटों,rukavaton
भवनाओं,भावनाओं,bhavanaon
देहधारी,देहधारी,dehdhaari
परिखाएं,परीक्षाएं,parikhaen
यूेनी,उतने,utaney
सैंस्रिशशन,संस्कृतिओं,sanskrition
प्रोस्पेक्स,प्रॉस्पेक्स,prospex
नैदिली,नईदिल्ली,naeedilli
सायन,सायं,saayn
गेनेवा,जिनीवा,geneva
रसद,रसद,rasad
बारामला,बारामुला,baramula
वंडेममतरम,वन्देमातरम्,vandemataram
सफारी,सफारी,safari
चा्बा,चम्बा,chamba
सवल,सवाल,sawal
बन्ारी,बन्नारी,bannari
फतेहहपुर,फ़तेहपुर,fatehpur
पहनाे,पहनता,pehnate
स्प्र,स्प्रे,spray
नोरममल,नॉर्मल,normal
अलॉउट,ऑलआउट,allout
मनासास,मनासस,manassas
मंत्रियोंक,मंत्रियोंके,mantriyonke
कार्यकररयाकरतो,कार्यकार्यकर्ताओं,karyakaryakartaon
फाडनहे,फाडऩे,phaadanhe
ग्रेग,ग्रेग,greg
बैटूल,बैतूल,baitool
कुशा,कुषाण,kushan
सुब्बीी,सुब्बनी,subbanee
इंफफबीम,इन्फिबीम,infibeam
खााखाटकर,खटखटाकर,khatakhataakar
चचाजी,चाचाजी,chachaji
चं्द्राली,चंद्रबली,chandrabali
बरीपाडा,बारिपदा,baripada
रूहेलखंड,रूहेलखंड,roohelkhand
घैरकाननीी,ग़ैरकानूनी,ghairakaanoonee
आरेखाह,आरेखः,aarekhah
प्रमुखकरमियों,प्रमुखकर्मियों,pramukhkarmiyon
ली,ली,lee
थायेइर्स,थियेटर्स,thiyeters
असाम,असम,assam
फानों,फानों,faanon
ज्याडा,ज़्यादा,jyada
थेयटरों,थियेटरों,theateron
सफाईकर्मी,सफाईकर्मी,safaikarmi
बायसेज,बीएसएसएस,bieseses
क्रोंफ्रेंििंग,क्रान्फ्रेंसिंग,cronfrensing
जीवराज,जीवराज,jeevraaj
ठिराे,थिरके,thirake
शक्सुबाहय,शकसुबहे,shaksubahey
पैरा्रूपर,पैराट्रूपर,paratrooper
दभरा,डभरा,dabhara
यूएसआई,उसी,usi
निहसंदेह,निःसंदेह,nihsandeh
महानतम,महानतम,mahanatam
बांथिया,बांठिया,banthia
एननएम,अनम,anam
कशशमीर,कश्मीर,kashmir
बावड़ी,बावडी,baavadee
भुत्टो,भुट्टो,bhutto
मारके,मारके,maarake
कार्ययोनना,कार्ययोजना,kaaryayojna
फ्रेंसससको,फ्रांसिस्को,francisko
अदानी,अदाणी,adani
धुरिया,धुरिया,dhuriyaa
महाविद्य,महाविद्या,mhavidya
मेगापीसेल,मेगापिक्सल,megapixel
क्रिप्टोक्र््नन,क्रिप्टोकरेंसियों,cryptocurrencyon
मुथ,मूठ,muth
ऑथोराटी,ऑथोरिटी,authoritee
अपरिवरतंंीील,अपरिवर्तनशील,aparivartanshil
प्राननमंत्रीी,प्रधानमंत्रीकी,pradhanmantriki
आगाशे,आगाशे,aagaashe
नवजागरण,नवजागरण,navjaagaran
अत्रा,अट्टरा,attraa
उबाा,उबाला,ubala
अमानती,अमानती,amanati
खमममम,खम्मम,khammam
हारना,हारना,haaranaa
भावभीववक्कििों,भावाभिव्यक्तियों,bhavabhivyaktiyon
पुश्कर,पुष्कर,pushkar
शांतियों,शांतियों,shaantiyon
नेरोलैक,नेरोलेक,nerolac
चौका,चौका,chauka
सिद्धलिंगा,सिद्दालिंगा,siddhalingaa
भरतननिययम,भरतनाट्यम्,bharatnatyam
जववबाह,जवाबः,javabah
दुश्वरियों,दुश्वारियों,dushwariyon
मंची,मंचीय,manchiy
जियो,जीयो,jiyo
सप्रमान,सप्रमाण,sapramaan
सिम,सीम,sim
पीचडडबललोोजज,पीएचडब्ल्यूसीएस,peeechdablyooseees
बहव,बहाव,bahav
टिक,टिक,tik
अगावई,अगवाई,agavai
हिगमै,हाइमन,higman
किववी,क्यूआईडब्ल्यूआई,qiwi
अज्ञात,अज्ञात,agyat
अगेंड,एजेंडे,agende
लांचबबर्ग,लिंचबर्ग,lynchburg
माँगीना,मांगीना,maangeena
खटाखटागी,खटखटाएगी,khatakhataaegee
जोढिका,जोधिका,jodhikaa
श्रुजनिजजञञाननन,सृजनविज्ञानी,srujanvigyaani
देतासन,डेटसन,detasan
बदलवा,बदलवा,badalwa
यूआरएफ,उर्फ,urf
छापेमार,छापेमार,chhaapemaar
लक्स,लक्स,lux
भोपल,भोपाल,bhopal
फलिभूत,फलीभूत,phalibhoot
पाइथलाजिस्ट,पैथेलॉजिस्ट,paithelaujist
पर्यप्््ा,पर्याप्तता,paryaptta
फुर्टी,फूर्ति,furti
म्रुतुन्िवारर,मृत्युनिवारक,mrutyuniwaarak
मरुति,मारुति,maruti
उठाकर,उठाकर,uthaakar
अलो,एएलओ,alo
पेगा,पेगव,pegaw
पिलिभित,पीलीभीत,pilibhit
सोमी,सोमी,somi
संचलनों,संचालनों,sanchalnon
कंचीीुरम,कांचीपुरम,kanchipuram
दराती,डराती,daraatee
यद्ध्त,याद्दाश्त,yaddasht
सबुदना,साबुदाना,sabudana
वेल्डिंग,वेल्डिंग,welding
वेरोनिका,वेरोनिका,veronica
स्टिमबरेवाा,स्टिम्बेरवाला,stimberwala
मयाजाल,मायाजाल,mayajaal
पीसस,पेस,pes
अटुल,अतुल,atul
आउटमेटिकलील,औटोमैटिकली,outomaitically
जांचना,जांचना,jaanchana
मिथिलांचल,मिथिलांचल,mithilanchal
फिकसिंगा,फिक्सिंगः,phiksingah
सजेती,सजेती,sajetee
प्लानो,प्लानो,plano
विसंगतिया,विसंगतिया,visangatiyaa
खोमचे,खोमचे,khhomche
लगना,लगना,lagna
मुकेश्वरी,मुकेश्वरी,mukeshwari
तस्वरों,तस्वारों,tasvaaron
देव,देव,dev
वेश,वेश,vesh
ज्योथी,ज्योथी,jyothy
लंडल,लेंडल,landal
विरागनााओं,वीरांगनाओं,viraangnaaon
याित,यनित,yanit
पुर्निया,पूर्णिया,purnia
चौक,चौक,chauk
लाीी,लड़ीं,ladeen
चेस्ट,चेस्ट,chest
कसेगा,कसेगा,kasega
अबूट,एबट,abut
रेनुका,रेनुका,renuka
लूवे,लूवे,loowe
गुलाबाग,गुलाबाग,gulaabaag
लज्जल,लज्जालु,lajjalu
सभार,साभार,sabhaar
गैररर्््रदादी,गैरराष्ट्रवादी,gairarashtravaadee
धावकों,धावकों,dhaavakon
लीम,लिम,lim
विधाएं,विद्याएं,vidhaaein
स्वयमसविरकत,स्वयंस्वीकृत,svayamsveekrat
इलेक्ट्रक््स,इलेक्ट्रोटेक्स,electrotex
रामराज,रामराज,ramraj
जनभवना,जनभावना,janbhavna
यौनिकता,यौनिकता,yauniktaa
हाठे,हाथे,haathe
दुने,दूने,dune
प्रोटेक्टस,प्रोटेक्ट्स,protects
वरेन्ये,वरेण्य,vareinye
मजबूरी,मज़बूरी,mazboori
प्रववचंंड,प्रवीनचंद,praveenchand
वैज्ञािक,वैज्ञानिक,vaigyanik
टोरेंंट,टोरेंट,torrent
आत्मयें,आत्माएं,aatmayen
संप्रति,संप्रति,samprati
मठ्ठ,मत्थे,matthe
सविता,सविता,savita
अटलांटिक,अटलांटिक,atlantic
जलगती,जलगति,jalgti
चच्ा,चच्चा,chacchaa
अफ्रीन,आफरीन,afreen
बज़ार,बाजारू,bazaru
चौकी,चौकी,chauki
फरससे,फरसे,pharse
तुनिंग,ट्यूनिंग,tuning
नोदरानी,नोडरानी,nodaraanee
मौम,मौम,maum
विधानी,विधाणी,vidhaanee
गुजर,गुजार,gujar
पकड़कर,पकडकर,pakadkar
आंखें,ऑंखें,aankhen
आपका,आपका,aapka
वारनर,वार्नर,warner
अनवार्य,अन्वाहार्य,anvaharya
लिखेहैं,लिखेहैं,likhehain
पाथ्क्रमम,पाठ्यक्रम,paathyakram
शववों,शावकों,shavkon
यरुशेलम,यरूशलेम,yarooshaleim
मंडलायुकतो,मण्डलायुक्तो,mandalaayukto
नेनो,नैनो,naino
झाइयाँ,झाइयां,jhaaiyaan
सिमफररोोल,सिम्फरपोल,simferopol
धमम,धम्म,dhamm
निखरेगा,निखरेगा,nikharegaa
घुमाँ,घुमाण,ghumaan
हौंगा,होऊंगा,hounga
धकल,ढकाल,dhakal
सागरििका,सागरिका,sagarika
बर्नर्ड,बर्नार्ड,bernard
योगाबल,योगबल,yogabal
ब्रेवरीज,ब्रेवरीज,breweries
दिश,डिश,dish
एइथ,ऐठन,aithan
वर्तमन,वर्तमान,vartamaan
ट्रेमासिक,त्रैमासिक,tremasik
तसविरे,तस्वीरे,tasvire
व्व्वरगत,व्यवहारगत,vyvhargat
मराथा,मराठा,maratha
बनवा,बनवा,banvaa
स्वारणिका,स्वर्णिका,svarnika
प्रसथ,प्रसाथ,prasath
ओवरलल,ओवरऑल,overall
पूर्वफलल्नी,पूर्वाफाल्गुनी,purwafalguni
प्रोपरफसबबब,प्रॉपरफेसबुक,properphasebook
सुवन,सुवेन,suven
सपते,सपाटे,sapate
झी,झ,jh
करघघे,करघे,karghe
देशकाल,देशकाल,deshkaal
नाथदवाारा,नाथवाड़ा,nathdwara
थानवी,थानवी,thanvi
ओरा,ओरण,oran
सेररनो,सेरानो,serrano
ईआरर,इअर,ear
सबमिसन,सबमिशन,submission
धरक,धारक,dharak
तदाद,तदाद,tadad
ग्रीनवड,ग्रीनवुड,greenwood
हौटे,हाउते,haute
बेहुरिया,बहुरिया,behuria
नियंताओं,नियंताओं,niyantaaon
चुरू,चूरू,churu
मिसोरी,मिसौरी,missouri
अन्यया,अन्याय,anyaya
गेनरट,जेनरेट,generat
न्यूटेस्ट,न्यूटेस्ट,nyutest
गरुद,गरुड़,garud
स्वास्तिकार,स्वास्तिकाकार,swaastikakaar
सै,शैइ,shaie
सिद्धनातवािियों,सिद्धांतवादियों,siddhantavaadiyon
अनावश्यक,अनावश्यक,anawashyak
सीटे,सीटें,seaten
गुलशन,गुलशन,gulshan
रिया,रिया,riya
फिर्मियन,फर्मिऑन,firmian
टाइर,टायर,tyre
चि,ची,chi
बदलापुर,बदलापुर,badlapur
युद्धनुका,युद्धनौका,yuddhanaukaa
एनबीससी,एनबीसीसी,nbcc
सीगगगगवववववोो,श्रीगंगानगरवासियों,shreeganganagarvaasiyon
उड़ा,उदा,udaa
कैमब्रिजज,कैंब्रिज,cambridge
एयरव,एयरवे,airway
आईडीओल,आइडल,idol
कैल्यमेट,कैल्यूमेट,calumet
आजमान,आजमाना,aajmaanaa
तंत्रिकओ,तंत्रिकाओं,tantrikao
जोनेसोरो,जोन्सबोरो,jonesboro
बुद्धिजीवों,बुद्धिजीवों,buddhijeewon
क्लोजुप,क्लोज़अप,klozup
एमएमडीसी,एनएमडीसी,nmdc
राष्ट्रित,राष्ट्रपित,raashtrapit
कमरहाट,कमारहाटी,kamarhati
एस्फाल्ट,एस्फाल्ट,asphault
फ्रांसससको,फ्रांसिस्को,fransisko
भल्ला,भल्ला,bhalla
मौलविडों,मौलवियों,maulvidon
नरवर,नरवर,narwar
लहलहाी,लहलहाती,lahlahati
ब्यावा,ब्यावर,byaawa
घटाएगी,घटाएगी,ghataaegi
नामजदजी,नामजदगी,naamajadagee
तकह,तकः,takah
सेवाग्रम,सेवाग्राम,sevagram
लामियाँ,लामियां,laamiyan
गीएन,जिन,gin
स्वेचाा,स्वेच्छा,swechha
अंतबिियाँ,अंतडियां,antadiyaan
अर्या,आर्यो,arya
पोलिशिंग,पॉलिशिंग,polishing
जोखीमभाा,जोखिमभरा,jokhimabharaa
उमदती,उमड़ती,umadatee
तंतरा,तंत्र,tantra
समोआ,सामोआ,samoa
सीएसआईई,सीएसआई,csi
मंड्या,मांड्या,mandya
लेवरी,लॉरी,lawrie
पहंते,पहनते,pahante
एंको,अंकोर,ankor
निम्नवत,निम्नवत्,nimnavat
रैपिंग,रैपिंग,rapping
रूपेश,रुपेश,roopesh
प्रतिबद्धता,प्रतिबद्धाता,pratibaddhata
नडेप,नाडेप,nadep
सैलानीपन,सैलानीपन,sailaaneepan
मेनरज्या,मेंराज्य,menrajya
दाव,दाव,daav
आबूरोड,आबूरोड,aaboorod
पथ्यक्रमों,पाठ्यक्रमों,pathyakramon
निविदाताओं,निविदाताओं,nividaataaon
गंंधीपुा,गांधीपुरा,gandhipura
पीवीएसएसस,पीएचडब्ल्यूसीएस,phwcs
नारयांगढ,नारायणगढ़,narayangadh
जयललिता,जयललिता,jaylalita
सुसंस्रर्त,सुसंस्कृत,susanskrut
मसूद,मसूद,masood
वूनसककेट,वुनसोकेट,woonsocket
संस्क्तियाँ,संस्कृतियां,sanskrutiyan
यूआरएफफ,उर्फ,urff
थेरेटिपली,थेराटीपल्ली,theratipally
प्रतिनिरेशश,प्रतिनिर्देश,pratinirdesh
उलहवसपुर,उल्हासपुर,ulhaaspur
पहनते,पहनते,pahanate
धववकों,धावकों,dhawakon
भगेध,भगेड़,bhagedh
प्रांसंगली,प्राणसंगली,pransangali
जलवयु,जलवायु,jalvayu
भिजवाई,भिजवाई,bhijvaai
सयरा,सायरा,sayra
क्रें्दरों,क्रेन्द्रों,krendron
मौजुद,मौजुद,maujud
सिद्धांत,सिद्घांत,siddhaant
कैम्यनिकेट््स,कम्युनिकेटर्स,kamyuniketars
चिडचिडीपन,चिड़चिड़ापन,chidchidapan
मुथूत,मुथूट,muthoot
विवेकाधिकरों,विवेकाधिकारों,wiwekadhikaron
मलूँ,मलौन,maloun
सिंसिननटी,सिनसिनाटी,cincinnati
रेगिस्टन,रेगिस्तान,registan
परोसने,परोसने,parosne
विचारकों,विचारकों,vichaarakon
जनभाना,जनभावना,janbhawna
अंडमन,अंडमान,andaman
बद्यल,बडयाल,badyal
मोरेपन,मोरपेन,morepen
बीयर्ड,बियर्ड,beard
नोदारानी,नोडरानी,nodarani
दिखाई,दिखायेे,dikhayee
चिंक,छींक,chink
व्याख्यया्््ता,व्याख्यात्मकता,wyakhyatmakta
शैशव,शैशव,shaishav
आइथू,आइंथू,aainthoo
अहेमदाबाद,अहमदाबादः,ahemdabadah
जायके,जायके,jaayke
सिगनिटटी,सिग्निटी,cigniti
कुरुक्षेत्र,कुरुक्षेत्र,kurukshetra
प्रवृततियों,प्रवृत्तीयों,pravritteeyon
चा्चा,चर्चा,charcha
लक्ष्मीीद्र,लक्ष्मीचन्द्र,lakshmeechandra
हैमॉंड,हैमंड,hammond
निभागी,निभाएगी,nibhaegi
धुनैई,धुनाई,dhunai
जनभावना,जनभावना,janbhaavna
कैंट,कांट,cant
मेलघाट,मेलघाट,melaghaat
एययय,मुऐ,mue
श्विंग,श्विंग,shwing
दंपत्य,दांपत्य,dampatya
केपीडा,कपड़ा,kpada
संतती,संतति,santati
मानववतघित,मानवटरहित,maanavtarhit
अनुप्रोयगी,अनुप्रयोगों,anuprayogi
हाववे,हार्वे,harvey
कजू,काजू,kaju
सेरिटॉस,सेररितोस,cerritos
टेक्समाको,टेक्समैको,texmaco
संचार,संचार,sanchar
तुथ,ट्रुथ,tuth
लोज़नो,लोज़ानों,lozano
रोपने,रोपने,ropaney
हॉलीवुड,हॉलीवुड,hollywood
छिंके,छींके,chhinke
धम्म,धम्मा,dhamma
टेक्नोप्ल््ट,टेक्नोप्लास्ट,technoplast
पुजापथ,पूजापाठ,pujapath
चना,चानन,chanan
श्रंखलाओं,श्रंखलाओं,shrankhalaaon
छेडना,छेड़ना,chhednaa
कार्बोजेन,कार्बोजेन,carbogen
व्यवधान,व्यवधान,vyavadhan
सुल्ट्ज़,शुल्ट्ज,schultz
इस्ट्रालयों,इस्त्राइलियों,istrailiyon
स्क्वश,स्क्वाश,squash
डेंविल,डैनविल,danville
प्रान,प्राना,prana
ठाकुर्वदी,ठाकुरवादी,thaakurvaadee
प्रयोग्सस््र,प्रयोगशास्त्र,prayogshaastra
व्यक्तिों,व्यक्तीयों,wyakteeyon
मेट्रोलोजिस्,मैट्रोलॉजिस्ट,metrologist
मधुरा,मढ़ौरा,madhura
पलियों,पालियों,paliyon
डेनवर,डेनवर,denver
अपजज,एपीजे,apj
बेनी,बैनी,beni
प्रतिस्थान,प्रतिस्थान,pratisthaan
भ्रष्टाचारियों,भ्रष्टाचारीयों,bhrashtaachaariyon
लकीर,लकीर,lakeer
सुधार््रह,सुधारगृह,sudhaargrah
संडली,संदली,sandali
जागृत,जागृति,jagriti
तलवर,तलवार,talwar
जनाशिक्षा,जनशिक्षा,janashiksha
तपुवो,टापुओं,tapuwo
बुलेटिन,बुलेटिन,bulletin
बल्ेबाजी,बल्लेबाज़ी,ballebaajee
माधीखेहा,माड़ीखेड़ा,maadheekhedhaa
अर्थशास््रियों,अर्थशास्त्रीयों,arthshaastriyon
स्केनिंग,स्कैनिंग,scaining
मेमैन,मेहमान,mehman
रहेगी,रहेगी,rahegi
जमशेपुर,जमशेदपुर,jamshedpur
त्यौहरों,त्यौहारों,tyauharon
दरशाना,दर्शाना,darshaana
बीचबचाव,बीचबचाव,beechbachaav
सुलती,सुलाती,sulati
वर्शन,वर्शन,varshan
सुधारती,सुधारती,sudhaaratee
वासामक्त,वसामुक्त,wasaamukt
पतिल,पाटिल,patil
जेवाब,जेवाब,jewaab
सोतो,सोटो,soto
ढ्टूएन,धातुएं,dhtuen
दोस,डोसे,dose
भागडौड़,भागदौड,bhaagadaud
पगबाधा,पगबाधा,pagabadha
अरुषी,आरुषि,arushi
अगुस्ा,अगस्ता,agusta
तितान,टाइटन,titan
इक्विटज,इक्विटीज,equities
एयरटेल,एयरटेल,airtel
अलैप्स,ऐल्प्स,alaps
नकसली,नक्सली,naksali
एचिवेमेंट,अचीवमेंट,achivement
गलेगा,गलाएगा,galaega
फूढों,फूडॉन,foodon
राजनची,राजनीचि,rajnichi
अर्या,आर्य,arya
स्ट्रेमवडड,स्ट्रीमवुड,streamwood
घोत,घोट,ghot
मुसिक,म्यूजिक,music
पुर्कयासथा,पुरकायस्थ,purkayastha
नोरा,नोरा,nora
टोनिक,टॉनिक,tonic
गुजारे,गुजारने,gujaarne
वेटर,वाटर,water
सुंसां,सूनसान,sunsaan
सिरसा,सिरसा,sirsa
तंगीराला,टेंगीरला,tangirala
हंसो,हेनसन,hanson
वरुन,वरुण,varun
द्रेजर,ड्रेजर,dreijer
दौड़ते,दौड़ाते,doudaate
शररबों,शराबों,sharabon
व्यक्तयों,व्यक्तीयों,vyakteeyon
सातसेरा,सातसेरा,saatseraa
दरजनो,दर्जनों,darjano
अग्नियां,अग्नियां,agniyaan
धोना,धोना,dhonaa
कार्यकर््रियों,कार्यकर्त्रियों,karyakartriyon
अवस्थाएं,अवस्थाएं,awasthaen
हिमामानव,हिममानव,himamaanav
ट्वो,टु,two
एआईएल,ऐल,ail
बंधुओं,बंधुओं,bandhuon
श्रद्धवनों,श्रद्धावानों,shraddhavanon
मरियो,मारियो,mariyo
व्याघट,व्याघात,vyaghat
मिचेल,माईकल,michael
अड्र्ह,अद्र्घ,adrgh
वित्थ,विट्ठल,vitthal
प्रारुप,प्रारूप,prarup
धूंढती,ढूंढती,dhoondhti
दुबाा,डुबाना,dubana
लडनने,लडने,ladne
एलओआरएम,फार्म,form
ज़आररी,जुवारी,zuari
परिवावाले,परिवारवाले,pariwarwale
पेरानर्मल,पैरानॉर्मल,peranormal
भुवनेश्वररसाद,भुवनेश्वप्रसाद,bhuvneshvaprasad
आईआरआईए,आईरिस,iris
प्रतिज्यपूर्ण,प्रतिज्ञापूर्ण,pratigyapoorn
लेबालं,लेबलों,lebalon
श्रीकरुषणन,श्रीकृष्णन,shreekrushnan
स्निकारसे,स्नीकर्स,snikarse
कैं,कईं,kain
भूसवामी,भूस्वामी,bhooswaami
कर्ा,कटरा,karta
अन्य,अन्याय,anyay
नोकरी,नोकरी,nokari
प्रीसिजन,प्रिसिशन,precision
क्रोम,क्रोम,chrom
जुई,जुए,jue
बोवलिंग,बोलिंग,bowling
ताप्त,ताप्ती,taapti
केथोलिको,कैथोलिकों,catholicon
नाज़रानंज़,नजरंदाज,nazarandaz
मुलचंड,मूलचंद,mulchand
स्वेचचा,स्वेच्छा,sweccha
नन्यौा,नन्यौला,nanyaulaa
घोंटान,घोंटना,ghontana
अद्वैतवाद,अद्वैतवाद,advaitwad
अंडरवु,अंडरवुड,underwood
लुभावना,लुभावना,lubhaavna
पेट्रोसलीी,पेट्रोसेली,petroselee
अम्डी,आमदी,amdi
रोपने,रोपने,ropane
डेसी,डेजी,daisy
जबाी,जबाबी,jababee
सीपीपी,कप,cup
फाड़े,फाड़े,phaade
उलहना,उलाहना,ulahna
उन्नतियों,उन्नतियों,unnatiyon
मोलिना,मोलिना,molina
घडचभभाााकककचच,गांडचुभोनाचूसनाछोटे,gaandchubhonachoosnachhote
हन,हां,han
प्रदर्शन,प्रर्दशन,pradarshan
सरजुगा,सरगुजा,sarjuga
बिदर,बीदर,bidar
अमरगड़,अमरगढ़,amargad
जुय,जुए,juye
टोंक,टोंक,tonk
देवापुर,देवापुर,devaapur
इंटलललेंंस,इंटेलीजेंस,intelligence
नीतियों,नीतियों,neetiyon
खनौड़ा,खनौदा,khanaudaa
पोरबंदर,पोरबंदर,porbandar
सिम,सिम,sim
लगनेश,लग्नेश,lagnesh
गायिकाओ,गायिकाओ,gaayikao
पृष्ठभभमियों,पृष्ठभूमियों,prishthabhoomiyon
मूलचंड,मूलचंद,moolchand
सिलचर,सिल्चर,silchar
मारगगििा,मार्गरिटा,margarita
उदाकिशुंज,उदाकिशुनगंज,udakishuganj
सिरती,सिरती,sirtee
यमाला,यमला,yamala
प्रशिक्षु,प्रशिक्षु,prashikshu
सिरररा,सिएरा,sierra
आल्ह,आल्हा,aalhaa
पीईके,पेक,peck
तससखिर,तसखीर,taskhir
दका,डाका,daka
नोमीनेट,नॉमिनेट,nominate
सपत,सपाट,sapat
कोइमबबेटर,कोयम्बटूर,coimbatore
कोरापुट,कोरापुट,koraput
स्वयत्त्षसन,स्वायत्तशासन,svayattshasan
विद्युतिकृत,विद्युतीकृत,vidyutikrit
किकियाना,किकियाना,kikiyaanaa
अरुणाई,अरुणाई,arunaai
रिगल,रीगल,rigal
डियमंड,डायमंड,diamond
मृदुभाशी,मृदुभाषी,mridubhaashee
वाल्टर्स,वाल्टर्स,walters
सूत्रादा,सूत्रपाडा,sutrapada
कीती,कीति,keeti
जिललाधिकारी,ज़िलाधिकारी,zilaadhikaari
मंगेश,मंगेश,mangesh
पेंसन,पेंषन,pension
लगनेेवाे,लगनेवाले,laganewale
जिलावसियों,जिलावासियों,jilavasiyon
प्लोसकी,प्लोस्की,ploskee
एकसाथ,एकसाथ,eksath
सेखर,सेखर,sekhar
डो,डीओडब्ल्यू,dow
अर्धविश्ास,अर्धविश्वास,ardhawishwaas
राजस्थन,राजस्थान,rajasthan
विकस्खंड,विकासखण्ड,vikaskhand
समशयों,संशयों,samshayon
बढ़ा,बढना,badhanaa
क्लासन,क्लासों,classon
इखरुल,उखरुल,ikhrul
फुरामे,फुरामे,furaame
एबाज,एबज,ebaz
बाताय,बाताया,baataaya
जुशातन,जुशान्तान,jushantan
स्ट्रंग,स्ट्रॉन्ग,strong
राजनीतिकरों,राजनीतिकारों,rajnitikaron
पनीप,पानीपत,panipat
ब्लांकारड,ब्लांकार्ड,blankaard
झबुआ,झाबुआ,jhabua
जैसिंटो,जकिंटो,jacinto
बराहिंगगा,बारहसिंगा,barahsinga
सुचनह,सूचनाः,suchnah
इलेक्ट्रोमिक,इलेक्ट्रोमैजिक,electromagic
ललमानी,लालमणी,lalmani
भौरलाल,भाऊलाल,bhaaulaal
कठु,कठुआ,kathua
पलारी,पलारी,palaari
अमिताओ,अमिताव,amitao
तदनरुस्ती,तदंरुस्ती,tadanrustee
वाबस्ता,वाबस्ता,vaabastaa
व्लाड,व्लाद,vlad
स्लाश,स्लैश,slash
वेटरबरी,वाटरबरी,waterbury
सेल्फिई,सेल्फी,selfie
लुय,लुईस,luis
पंचससूतर,पंचसूत्र,panchasootra
अर्यमा,अर्यमा,aryama
वादक,वादक,vaadak
जंकटशन,जंक्शन,junction
गेनरिक,जेनरिक,generic
जिया,जिया,jiya
एडेन,एडेन,aden
सोफननर,सॉफ़्नर,sophner
क्वववा,क्यूडब्ल्यूवीजीए,qwvga
ध्वनिमिकों,ध्वनिमिकों,dhvanimikon
फीड्स,फीड्स,feeds
सुकड़िययाल,सुकडि़याल,sukadiyaal
अंगढ़,अनगढ़,angadh
बावजी,बावजी,bavji
छोड़िए,छोडिये,chhodiye
सीआपीएएए,सिप्ला,cipla
विज्ञाों,विज्ञानों,vigyanon
धस्मान,धस्माना,dhasmaanaa
लोंगेवाल,लोंगोवाल,longewal
बदम,बदाम,badam
एट्रेक्ट,अट्रैक्ट,atraikt
सराहा,सराहा,saraaha
नृत्यशाली,नृत्यशैली,nrityashaili
संवरी,संवरी,sanvari
यक्षधिपती,यक्षाधिपति,yakshadhipati
अरबपतियों,अरबपतियों,arabpatiyon
मुकद्दमों,मुकद्दमों,mukaddamon
फोडे,फोड़े,phode
सिहुंता,सिहुंता,sihunta
जीवां,जीवन,jeewan
धूंढता,ढूंढता,dhoondhata
क्रूसेज,क्रुसेस,cruces
कार्यक्त्रियों,कार्यकर्त्रियों,kaaryakartriyon
प्रतिबद्भाएँ,प्रतिबद्धताएं,pratibaddhtaaen
डीएलव,डीएलडब्ल्यू,dlw
प्लैन,प्लेन,plan
पेलोट,पायलट,pailot
अधिवास,अधिवास,adhiwas
फैन,फैंन,phainn
फववारा,फव्वारा,favvara
हलचल,हालचाल,halchal
विश्ववर,विश्ववीर,wishvaweer
क्रेस्ट,क्रेस्ट,crest
ब्रहमलीन,ब्रह्मलीन,brahmleen
विरेचन,विरेचन,virechan
याददाश्त,याद्दाश्त,yaaddaashta
उज्जैं,उज्जैन,ujjain
सह्यात्रे,सहयात्री,sahyaatre
जिम्मे,जिम्मे,jimme
सारवगी,सारावागी,sarawagi
देखिएगा,देखियेगा,dekhiyegaa
वजूद,वजूद,wajood
कुंड,कुंडल,kundal
रिय,रिया,ria
स्लाइडर,स्लाइडर,slider
मैनेजेेंट,मैनेजमेंट,management
कार्यकारक््रा,कार्यकार्यकर्ताओं,karyakaaryakartaon
क्रिस्टिस,क्रिस्टिस,cristis
रुक्टे,रुकते,ruktey
डिस्ट्रययययूटर,डिस्ट्रब्यूटर्स,distrabyuters
एसपेलल,स्पेल,spell
दमापर,दमपर,damapar
ठिकने,ठिकाने,thikane
इंटरकक्यययलिीी,इंटरटेक्चुअलिटी,interactuality
छडडयाां,सीडीयां,cdyaan
सौथ,साउथ,south
आपका,आपका,aapkaa
नहिंकरवाी,नहींकरवाई,nahinkarwaaee
जागृति,जागृति,jaagriti
चूढ़े,चूड़े,choodhe
ठिर्टी,थर्टी,thirty
नाडसा,नक्सल,nadsa
जीएसएम,जीएसएम,gsm
गुजरत,गुजरात,gujarat
दर्शनर्ठी,दर्शनार्थी,darshnarthee
नभा,नाभा,nabha
ढोकेबाज,धोखेबाज,dhokebaaj
लेगा,लेगा,lega
बीएाीमम,बीआईआईटीएम,beeaaeeaaeeteeem
सोमवार,साेमवार,somwaar
वनों,वाणों,wanon
औध्योगकरण,औद्योगिकरण,audhyogikaran
अग्रहरी,अग्रहरि,agrahari
आफा,आफॅ,aafa
तीमारदरों,तीमारदारों,teemaardaron
मिसरा,मिश्रा,misra
सेरेब्रा,सेरेब्रा,cerebra
नाग्रिक,नागारिक,naagrik
दस्तार,दस्तार,dastaar
मकर,मकरः,makarh
जीटीओआर,जीतोड़,gtor
बैलिस्टिक,बैलिस्टिक,ballistic
चढ़गा,चढ़ेगा,chadhegaa
माँगे,मांगे,maange
निलभ,नीलाभ,nilabh
मेंशााब,मेंशराब,mensharaab
सिंघड़े,सिंघाड़े,singhade
हिसारह,हिसारः,hisaarah
राम्को,रामकोट,ramkot
बैठते,बैठते,baithate
तसखखीर,तसखीर,taskheer
ईशारा,इशारा,ishaara
सोलापुर,सोलापुर,solapur
मेजबानी,मेजबानी,mejbaani
फ्लोरेस,फ्लोरेंस,florence
पराम्षक,परामर्शक,paraamarshak
झाड़े,झाड़ने,jhaadane
थीयटर्स,थियेटर्स,theaters
आदान,आदान,aadaan
एम्बाइंस,आंबियंस,ambience
सुरक्षाह,सुरक्षाः,surakshaah
हिकारिको,हिकारिको,hikaarico
बान्ा,बांया,baanyaa
रूकवाई,रुकवाई,rookvaai
मित्रवत,मित्रवत,mitravat
बोकारो,बोकारो,bokaro
मौर्य,मौर्या,maurya
प्रतिनिधिरररे,प्रतिनिधिकारी,pratinidhikaaree
चंद्रमाओं,चंद्रमाओं,chandramaon
परोसन,परोसने,parosane
धैया,ढैया,dhaiya
स्पिरिट्स,स्पिरिट्स,spirits
लीन्डरो,लियान्ड्रो,leandro
सीन,शॉन,sean
स्वार्थपरक,स्वार्थपरक,swarthparak
चुचियाँ,चूचियां,chuchiyaan
महामदिया,महामीडिया,mahamidiya
पूर्वजनमों,पूर्वजन्मों,poorwajanmon
शोहदापपनी,शोहदापंती,shohadapantee
कुशां,कुषाण,kushaan
जमलोकी,जमलोकी,jamloki
एवररेस्ट,एवरेस्ट,everest
तसवारों,तस्वारों,taswaaron
अडवववास,अधिवास,advivas
प्रेमलाा,प्रेमलता,premlata
मुरिरटा,मुर्रिएटा,murrieta
वैमनस्य,वैमनस्य,vaimanasya
केली,केली,kelly
टिनपलेट,टिनप्लेट,tinplate
वा,वाण,vaan
महामंत्र,महामंत्र,mahamantr
मेजबाा,मेजबान,mezbaan
शुमाली,शुमाली,shumali
फुलाए,फुलाए,fulaaye
प्रिट,प्रूट,pruitt
रोजवेलट,रुजवेल्ट,rojvelt
प्रशासनिक,प्रशासनिक,prashasanik
उलज़नों,उलझानों,ulazaanon
पत्रकावर्ता,पत्रकारवार्ता,patrakaarvarta
दुआर,दुआर,duar
कथफोदवे,कठफोड़वे,kathfodave
बिपिन,बिपिन,bipin
ओफर,ऑफरः,offerh
इसायियों,ईसाइयों,isayiyon
प्रोपेलेंट,प्रोपेलेंट,propellent
कंसाई,कंसाई,kansai
सिखिन,सीखीं,sikhin
सीडीसीएल,सीडीसीएल,cdcl
अब्बट,एबोट,abbott
कटलारी,कटलरी,katlari
आदिवाडियों,आदिवादियों,aadiwadiyon
चित्रकाा,चित्रकथा,chitrakathaa
अवशिष्त,अवशिष्ट,avshisht
फ्यूच्यर्स्ट,फ्यूचुरिस्टिक,phyuchuristic
तेरी,तेरीः,tereeh
नन्े,नन्हें,nanhe
एवेरी,एवरी,avery
सुबा,सूबा,suba
शखाएं,शाखाएं,shakhayen
त्रिकललदर्शी,त्रिकालदर्शी,trikaldarshee
पालसाही,पालसाही,paalasaahee
फैलैएे,फैलाइए,failaiye
झौवा,झउवा,jhauvaa
जमती,जमाती,jamati
जन्हानी,जनहानि,janhani
पोंडिंग,पोंडिंग,ponding
तसवारों,तस्वारों,taswaron
देशकल,देशकाल,deshkal
हिचकिचाा,हिचकिचा,hichkichaa
बस्तीह,बस्तीः,basteeh
गररीब,गरीबी,garibi
फड़फड़ाएं,फड़फड़ाएं,phadphadaaen
सिताराम,सीताराम,sitaram
कमेरे,कमेरे,kmere
बैरकपुर,बैरकपुर,bairakpur
स्वयमससिकरतत,स्वयंस्वीकृत,svayamswikrat
कासोवो,कासोवो,kaasovo
मजबूरी,मज़बूरी,majboori
कॉववोकेशन,कन्वोकेशन,convocation
स्किपर,स्किपर,skipper
जैपुर,जयपुर,jaipur
प्रस्थनों,प्रस्थानों,prasthaanon
नर्म,नरम,narm
रेडियोप्ममी,रेडियोप्रेमी,radiopremi
तिताढ़,टीटागढ़,titagarh
चिको,चिको,chico
राज्यमंत्रतररररर,राज्यमंत्रीस्वतंत्र,rajyamantreesvatantra
मैनवल,मैनवल,mainval
गुजरना,गुजारना,gujarana
सतलुज,सतलुज,satluj
जतियों,जातियों,jatiyon
अन्होनी,अनहोनी,anhoni
टेलिलिंक्स,टेलीलिंक्स,telelinks
लेब्स,लैब्स,labs
हरावल,हरावल,harawal
मैरियजज,मैरेज,marriage
मनिया,मनिया,maniya
ट्रैक्टरस,ट्रैक्टर्स,tractors
कंचन,कंचन,kanchan
लेयरी,लैरी,lairi
कार्यावधी,कार्यावधि,kaaryaawadhi
जलभाव,जलभराव,jalbharav
भाड़ा,भाड़ा,bhaadaa
बागोर,बागोरा,baagora
पिगा,पिएगा,piega
स्टेफेंस,स्टीफेंस,stephens
अभिमत,अभिमत,abhimat
अक्सेलया,एक्सेल्या,accelya
वायरललेस,वायरलेस,wirerless
चौड़ा,चौड़ा,chauda
परभान,परभणी,parbhani
खातेदार,खातेदार,khaatedar
बढना,बढना,badhna
बुरच,बर्च,burch
उपद्रवों,उपद्रवों,upadrawon
टिकियों,टिकियों,tikiyon
मिल्क,मिल्क,milk
दुबोना,डुबोना,dubona
बकर,बेकर,baker
सुताली,सुतली,sutali
बुद्धराम,बुद्धाराम,buddharam
वेयलथ,वेल्थ,wealth
पत्रानी,पटरानी,patrani
अर्धवि्वास,अर्धविश्वास,ardhavishwaas
पैम,पैम,paim
कास्टेनेडा,कास्टानेडा,castaneda
बलजीत,बलजीत,baljit
भटनगग,भटनागर,bhatnagar
जाटकों,जातकों,jaatakon
इक्यडोर,इक्वाडोर,ecuador
स्वर्गदुत,स्वर्गदूत,swargdoot
रुशिकुल,ऋषिकुल,rushikul
तते,टेट,tate
कंथर,कंठहार,kanthhar
ब्यूलड,बेऔलाद,beaulad
यूरोपेा,यूरोपिया,europea
गाय,गए,gaye
दादरेवा,ददरेवा,dadreva
बिखेरान,बिखेरने,bikherane
हमलो,हमलो,hamlo
पकडाए,पकड़ाए,pakdaae
उपलब्धियों,उपलब्धियों,uplabdhiyon
कोलोरडोो,कोलोराडो,colorado
पैकारड,पैकर्ड,packard
जगरूती,जागृति,jagruti
अंधर,आंध्रा,andhra
चौंकते,चौंकाते,chounkate
बेखवाबियाँ,बेख्वाबियां,bekhvaabiyaan
नफाा,नफ़ा,naphaa
सिन्ह,सिन्हा,sinha
उत्पिदान,उत्पीडऩ,utpidan
सगा,सागा,saga
आर्य,आर्य,aarya
दिखाइए,दिखाइये,dikhaaiye
अनिष्तता,अनिष्टता,anishtata
उडान,उड़ान,udan
सं्युक्वसाठा,संयुक्तावस्था,sanyuktawastha
शमतल,शमलात,shamtal
एवाव,एवव,evava
अधिवककताा,अधिवक्तागण,adhiwaktaagan
रा्हा,रल्हन,ralhan
झुथलने,झुठलाने,jhuthalane
पूर्वाभा,पूर्वाभास,purvaabhaas
बिजेन््रसिंह,बिजेन्द्रसिंह,bijendrasinh
चिनमान,चिनमणि,chinmani
लोकस्ावली,लोकसभावाली,loksbhavaali
लड़की,लड़की,ladki
नरसिंगघढ,नरसिंहगढ़,narsinghgarh
संघथनंंत्रियों,संगठनमंत्रियों,sanghathanamantriyon
रूपी,रूपी,roopi
कार्यकरताओं,कार्यकर्ताओं,karykartaon
औगुस्ा,अगस्ता,augusta
मनमरजी,मनमर्जी,manmarji
अंत्रमुख,अंतर्मुख,antrmukh
अनुमर,अनुमार,anumar
रिष्टनाा,रिश्तानाता,rishtanaataa
द्वियार्थ,द्विअर्थी,dviarthi
चूटिले,चुटीले,chootile
हटटटीसबर्ग,हैटीज़बर्ग,hattiesburg
यूजी,यूजी,yoojee
राज,राज,raaj
रेयगुलाइजेशन,रैगुलाइजेशन,raigulization
विंध्य,विंध्या,vindhya
फिक्सिंगह,फिक्सिंगः,fixingah
कमजोर,कमज़ोर,kamjor
भरा,भरा,bhara
चौधवन,चौदहवां,chaudhavan
फलले,फलने,falne
श्रुंखला,श्रंखला,shrunkhla
विपनंता,विपन्नता,vipannta
प्रूफ्राड,प्रूफ़रीड,proofread
ज़मना,ज़माना,zamana
घटाएगी,घटाएगी,ghataaegee
डंगा,दंगा,danga
इरिका,एरिका,erica
भोला,भोला,bhola
व्याख्यात््मका,व्याख्यात्मकता,vyakhyatmakta
योजनह,योजनाः,yojnah
वेबुनियाडी,वेबुनियादी,webuniyadee
रुमानी,रुमानी,rumani
साहू,साहू,sahu
प्रधानगर,प्रधाननगर,pradhaannagar
सीटल,सीऐटल,seattle
स्टेन,स्टैन,stain
इंसानी,इनसानी,insaani
हमला,हमला,hamla
न्यूट्रियो,न्यूट्रियो,nutrio
लााद्द,लदड,ladadd
अंतबडियां,अंतडियां,antadiyan
कुशवाहा,कुशवाहा,kushwaha
कोच्चीह,कोच्चिः,kochchih
गणापथी,गणपति,ganapathy
फारमि,फार्मिक,farmic
पडेंगी,पड़ेंगी,padengee
अर्थ,अर्थ,arth
मुकररार,मुक़र्रर,mukarrar
निप्टकर,निपटाकर,niptakar
हॉलिडेज,होलिडेस,holidays
कूच,कूच,cooch
उत्ठ,उठ्ठक,utthak
सुलखा,सुलखान,sulkhan
कमेरे,कमेरे,kamere
जगायगा,जगाएगा,jagayega
संत्री,संत्री,santree
शखससियतें,शख्सियतें,shakhsiyaten
पंचंं,पंचांग,panchang
ज़ााा,झालाना,zalana
नित्या,नित्या,nitya
इच्छी,इच्छी,ichchhee
हाबरा,हाबरा,habra
पालियों,पालियों,paaliyon
एजूज्प्रमममया,एजूस्पर्मिया,azoospermia
ताविज,तावीज,taavij
फूडवर््स,फ़ूडवर्क्स,foodworks
ग्रहम,ग्राहम,graham
प्रभानमत्ररी,प्रभानमंत्री,prabhaanmantree
सेथ,सेथ,seth
जगता,जगताप,jagtap
हर्षित,हर्षित,harshit
दुबना,डूबना,dubna
रक्तदताओं,रक्तदाताओं,raktadataon
मेक्सिको,मेक्सिको,mexico
तसीर,तासीर,tasir
इयरकंदीशशरर,एयरकंडीशनर,eyarkandishnar
एड्डी,एड्डी,eddi
मैकं,मैकॉन,macon
इसरानी,इसरानी,israni
एंथ,ऐंठ,ainth
श्रीमहाुर्ण,श्रीमहापूर्ण,shreemahapurn
डोर्,डॉर्क,dork
जीनों,जीनों,jeenon
घरीबों,ग़रीबों,ghareebon
तराशकर,तराशकर,taraashakar
ओबसेेवर,ऑब्जर्वर,observer
आर्य,आर्यो,aarya
उखड,उखड,ukhad
साठसाठ,साथसाथ,saathsaath
पकगगों,पैकेजों,packagon
हिंडो,हिंडन,hindon
अप्रहरी,अपरिहार्य,aprihary
मंजिल,मंजिल,manzil
एलकेस्,एलएक्स,lx
कररवी,कर्वी,karvi
दुभशशियों,दुभाषियों,dubhashiyon
रिकाननकटटिंग,रिकनेक्टिंग,rikannekting
विंड,विंड,wind
क्लाइंट,क्लांइट,client
शररत,शरारत,shararat
वेंतुरा,वेंचुरा,ventura
रोलिन्स,रोलिंस,rollins
हेने,हैन्स,haynes
निकेतन,निकेतन,niketan
क्रांतियों,क्रांतियों,krantiyon
ट्विन,ट्विन,twin
दिव्य,दिव्य,divya
गिडगाडडेट,गिड़गिड़ाते,gidgidate
निग्मायु्त,निगमायुक्त,nigmaayukt
गबली,गबली,gabalee
नोवात,नोवाटो,novato
रिश्वतोर,रिश्वतखोर,rishwatkhor
फाँसी,फांसी,faansi
गरजाना,गर्जना,garjana
निहलानी,निहलानी,nihlani
पिंटा,पिंटा,pintaa
ग्रीर,ग्रीर,greer
ल्विसवविल,लेविसविल,lewisville
प्रकाशित,प्रकाषित,prakaashit
क्लारियंटट,क्लैरिएंट,clariant
खायल,क़ायल,khaayal
द्वियर्थी,द्विअर्थी,dwiarthi
राखे,राखे,raakhe
बुलं्दार,बुलंदशहर,bulandshahr
स्टेफरर्ड,स्टेफोर्ड,stafford
नजरिियों,नजरियों,najariyon
वोरलल,वर्ल्ड,world
जीवनियाँ,जीवनियां,jeevniyaan
परमेश्वररुर,परमेश्वरपुर,parmeshwarpur
उठनी,उठनी,uthanee
न्यूत्रियो,न्यूट्रियो,nyootriyo
जेथा,जेठा,jetha
बागबगीचों,बागबगीचों,baagbagichon
सुचिकित्ा,सुचिकित्सा,suchikitsaa
नागंदल,नागमण्डल,nagmandal
प्रदाधिकारियों,प्रदाधिकारियों,pradadhikariyon
उर्वरता,उर्वरता,urvarta
नील,नील,neal
क्र्टोक्र्््शन,क्रिप्टोकरेंसियों,kriptocurrencyon
स्वायत््ससनन,स्वायत्तशासन,svaayattshaasan
ज़रडा,जर्दा,zarda
उपलक्ष्य,उपलक्ष्य,uplakshya
छुडवाया,छुड़वाया,chhudwaya
विदग्ा,विदग्धा,vidagdhaa
मुख्यमंत्रापनन,मुख्यमंत्रीपटना,mukhyamantripatana
गेने,जैने,gene
रतनपुर,रतनपुर,ratanpur
महांटम,महानतम,mhantam
गुना,गुना,guna
मेटे,एमटेक,mtech
देनेवली,देनेवाली,denevali
नाभिकुंड,नाभिकुंड,naabhikund
विशेशनों,विशेषणों,visheshanon
लंगरों,लंगरों,langaron
पोलिथेनों,पॉलिथीनों,polythenon
संबिित,संबित,sambit
धूंध,ढूंढ,dhundh
हा,हां,haan
तकरा,टकरा,takra
धंढेखोरी,धंधेखोरी,dhandhekhori
पुलिंडे,पुलिंदे,pulinde
इपोक्लिपस,एपोक्लिप्स,epoklips
विज्ञानपीीयय,विज्ञानपीडिया,vigyaanapeediyaa
महोने,महोनी,mahoney
पूंजीतंत्र,पूंजीतंत्र,poonjitantra
खरे,खरे,khare
एक्सटैट्र,एक्सटेक्टर,ekstactor
जुन्हेबोट,ज़ुन्हेबोटो,zunheboto
प्रियमानी,प्रियामणि,priyamani
सवाल,सवाल,sawaal
सुखककर,सूखाकर,sukhakar
आलोचक,आलोचक,aalochak
फांस,फाँस,phaans
जयललिता,जयललिता,jayalalitaa
अमझेरा,अमझेरा,amjhera
बोंबा,बॉम्बे,bombay
व्याग्रा,व्यग्र,vyagra
अपनानी,अपनानी,apnani
रिसने,रिसने,risane
छुरे,छुरे,chhure
चार्लटट,शार्लेट,charlotte
जोसे,जोस,jose
रैलीह,रैलीः,raileeh
मेजबां,मेज़बान,mejbaan
धंधन्य,धनधान्य,dhandhanya
डाबुर,डाबर,dabur
बीएसएएस,बीएसएसएस,bsss
नजीब,नजीब,najib
अवस्थायें,अवस्थाएं,avsthayen
जबलपुर,जबलपुर,jabalpur
धर्मनिरपेक्षेे,धर्मनिरपेक्षताके,dharmanirpekshtaake
फारमर,फार्मर,farmer
नीसीएल,एनएसीएल,nacl
सोमरविलल,समरविल,somerville
बुल,बुल,bull
झुला,झुलए,jhulae
खग्यार,खग्यार,khagyaar
मेहराम,मेहराम,meharaam
धसमाना,धस्माना,dhasmana
रिपा,रिपन,ripan
भगदौड,भागदौड़,bhagdaud
मिथ्य,मिथ्या,mithya
ललानिया,ललानिया,lalaaniyaa
भुलों,भूलों,bhulon
वडाली,वडाली,vadali
नागपप््टिमम,नागापट्टिनम,nagappattinam
वैमा्या,वैमनस्य,vaimanya
बिगिस््ट,बिगेस्ट,biggest
जोड़ा,जोड़ता,jodta
महत्तरों,महत्तरों,mahattaron
ओर्च,ओरछा,orchha
धीर्यवां,धैर्यवान,dhairyavaan
सं,सूंड़,sund
प्रिंस,प्रिंस,prince
जुबान,ज़ुबान,zuban
कैमस्ट्िियो,कैमस्टूडियो,camstudio
यूरोपिया,यूरोपिया,yooropiyaa
मेज़ा,मेज़ा,meza
भूसावल,भुसावल,bhusawal
गयात्री,गायत्री,gayatri
वार,वेयर,ware
बुद्धिजीवोों,बुद्धिजीवों,buddhizeevon
एंथ,ऐंठ,enth
रदार,रदर,radar
इलायची,इलाइची,ilayachi
उबाल,उबाल,ubaal
सीगगंगवववावोो,श्रीगंगानगरवासियों,shreeganganagarwaasiyon
फिटगजररल्ड,फिजराल्ड़,fitzgerald
जीवनशैली,जीवनशैली,jeevanshaili
चार्त,चार्ट,chart
सररगी,सरगी,sargi
वेडोन,वेदों,vedon
मुरमर,मरमर,murmur
भाते,भाते,bhaate
विपखा,विप्ख,wipkha
बयाने,बयाने,bayaane
मदानगंज,मदनगंज,madanaganja
पैकेजन,पैकेजों,packageon
वर्णाकर्ताओओ,वर्णनकर्ताओं,varnankartaaon
ज्याडा,ज़यादा,jyada
लोकोत्सव,लोकोत्सव,lokotsaw
टेवरी,तेवरी,tewree
झौगुंज,झाउगंज,jhaugunj
मालवा,मालवान,malwan
तदनरुस्त,तदंरुस्ती,tadanrusti
ईएल,ऐल,el
क़बजाा,क़ब्ज़ा,qabzaa
सुसंस्कृत,सुसंस्कृत,susanskrit
संढोल,संधोल,sandhol
आमरियापाा,आमरियापाड़ा,aamariyapadha
हाबबान,हाब्बन,haabban
बोवलिंग,बाउलिंग,bowling
रसमे,रस्मे,rasme
एमडडब्ललाूील,एमडब्ल्यूपीएल,emdablyupiel
विधाओं,विद्याओं,vidhaaon
बोवी,बोवी,bowie
चेन्नई,चेन्नई,chennai
कमलीत,कमलजीत,kamaljeet
सिंघा,सिंहा,singha
पेंसनधधरियों,पेंशनधारियों,pensiondhariyon
बरा,बारह,barah
दुबाा,डूबना,dubana
एसीटल,एसेटल,esetal
चौहा,चौहान,chouhan
फलले,फलने,phalne
सिद्धारथः,सिद्धार्थः,siddhaarthah
एपेक्स,एपेक्स,apex
डल्टन,डाल्टन,dalton
श्रीखंड,श्रीखंड,shrikhand
टेक्स्टल्स,टेक्सटाइल्स,textiles
अगरवाल,अग्रवाल,agarwal
मिथ्याचारियों,मिथ्याचारियों,mithyaachariyon
सेमेंट,सिमटे,cement
क्रानफफ्ेंिंग,क्रान्फ्रेंसिंग,kraanfrensing
संस्कृतियों,संस्कृतियों,sanskrutiyon
ढांकर,ढंककर,dhankkar
निज़माबाद,निज़ामाबाद,nizamabad
छटेन,छतेनी,chhatenee
दुश्कृरया,दुष्क्रिया,dushkriyaa
ससारा,सासाराम,sasaram
चिध़े,चिढ़ते,chidhte
ला्बा,लाम्बा,lamba
लाटिस,लउटिस,lautis
खान,खाएँ,khaen
धंढे,धंधे,dhndhe
अंतययंत,अन्त्यन्त,antayant
मस्,मास,mass
बरामा,बरामद,baraamad
क्रेमिस्टरी,क्रेमिस्ट्री,kremistry
उठानेवले,उठनेवाले,uthanevale
लेना,लहना,lehna
सिरागित्ी,सिरगिट्टी,siragitti
कंट्रोल,कंट्रोल,control
अंदाजी,अंदाजी,andaajee
केटेलान,कैटलिन,cateline
पक्षपत,पक्षपात,pakshpat
फोडो,फोड़ों,fodo
फ्रैंससस्का,फ्रांसिस्का,franciska
प्रयोगरप्प््ठ,प्रयोगपृष्ठ,prayogaprushth
क्रांतिधार,क्रांतिधरा,krantidhara
दैशवाला,डैशवाला,daishwala
खुरसन,खुरासान,khurasan
क्वारंटाइन,क्वॉरेनटाइन,quarantine
फोंड,फोंड,fond
पक्षप,पक्षपात,pakshapat
पुटला,पुतला,putla
त्रुथ,ट्रुथ,truth
साथसाथ,साथसाथ,sathsath
मोहिम,मोहिम,mohim
जोहनसों,जॉनसन,johnson
सीपीएम,सीपीएम,cpm
बताया,बाताया,bataaya
पैलमर,पाल्मर,palmer
तुघ्लकबााा,तुगलकाबाद,tughlaqabad
एपकोटे्स,एपकोटेक्स,apcotex
हैराम,हैरम,hairam
सरेबाार,सरेबाजार,sarebajar
जेरुसलेम,येरुशलम,jerusalem
मोल्,मोल्ड,mold
वर्नाकर्ाओओं,वर्णनकर्ताओं,warnankartaaon
हूपर,हूपर,hooper
वाटर्स,वाटर्स,waters
लुभाते,लुभाते,lubhaate
फेएफडीएए,फेफड़ा,fefda
कमोत्तजनना,कामोत्तेजना,kamottejna
दंपती,दंपति,dampati
सोया,सोया,soya
बररबराापर्णण,बर्बरतापूर्ण,barbartapurna
तादीपर,तड़ीपार,tadipar
ल्यूफफ,लुत्फ,lutf
तरीको,तरीको,tariko
चटा,चता,chataa
पित्ैन,पिटमैन,pittman
पहला,पहला,pahla
मल्टीमडडया,मल्टीमीडिया,multimedia
त्योहार,त्यौहार,tyohaar
लाबल,लेबल,label
ले,ले,le
तिर्थान,तीर्थाटन,tirthatan
सतुआ,सतुआ,satuaa
वर्ास,वर्गस,vargas
डेबोिम,डाबोलिम,dabolim
सूचनाह,सूचनाः,soochnaah
लेबलिंं,लेबलिंग,labelling
रोसवविल,रोज़विल,roseville
फायबब्ेट्,फ़ाईब्रेट्स,phaaeebrets
आल्टो,ऑल्टो,aalto
पर्टीी,परतानी,partanee
अस्मिताओं,अस्मिताओं,asmitaon
वंट,वांट,want
तदपटी,तड़पती,tadpatee
पटेल,पटेल,patel
काजी,काजी,kaaji
डोस्टानपुर्ण,दोस्तानापूर्ण,dostanapurna
क्षेत्रो,क्षेत्राें,kshetron
लांच,लिंच,lynch
स्टेट,स्टेट,state
रागों,रागों,ragon
मलहोो्रा,मल्होत्रा,malhotra
प्रज्ञांत््र,प्रज्ञातंत्र,pragyatantra
दुनीर्ती,दुर्नीति,duneerti
क्रोसे,क्रॉस,crosse
अव्यवसायी,अव्यवसायी,avyavasayi
धिर्यवाँ,धैर्यवान,dhiryawaan
तीमे,टाइम,time
अशरीरी,अशरीरी,ashariri
चंद्रदास,चन्द्रदास,chandradas
ज्योतिषी,ज्योतिषि,jyotishi
एलेक्सेड्ररया,एलेक्जेंड्रिया,alexandria
बेवाकूहाा,बेवकूफाना,bewakoofaanaa
सिरपुर,सिरपुर,sirpur
उज़बेक,उज़्बेक,uzbek
खरुवार,खरुवार,kharuvaar
धर्मववहीनान,धर्मविहीनता,dharmaviheenataa
सुरेंद्गगर,सुरेंद्रनगर,surendranagar
आल्ा,आल्हा,aalha
अरुणचचल,अरुणाचल,arunachal
क्रूगर,क्रुएगर,krueger
बागली,बागली,bagli
दविंदरााल,दविन्दरपाल,davindarpaal
चप्लुसी,चापलूसी,chaplusi
संस्कारियों,संस्कारियों,sanskariyon
एंजिनेस,इंजन्स,engines
मेंडेज,मेंडेज़,mendez
सियाह,सियाह,siyah
गुजारने,गुजारने,gujaarane
गजरा,गजरा,gajara
कावी,कवि,kavi
मिदनापर,मिदनापुर,midnapore
व्रुतन,वृत्तों,vrutton
सिरमों,सिरमोन,sirmon
वर्तमैन,वर्तमान,vartman
उभरेगा,उभरेगा,ubhrega
पिलोट,पायलट,pilot
नरभक्षी,नरभक्षी,narbhakshi
एंट्ररिकस,एंट्रीक्स,entreeks
डेटों,डेटन,dayton
बडू,बडू,badoo
अलरौउंडर,ऑलराउंडर,allrounder
निशरा,निश्रा,nishra
वढ़वान,वधावन,wadhawan
जेनसेन,जेन्सन,jensen
पलल,पाली,pali
त्रिमासिक,त्रैमासिक,trimasik
एट्रेक्ट,अट्रैक्ट,attraikt
वविद्यालय,वविद्यालय,vavidyaalaya
चंडन,चंदन,chandan
मेगा,मेगा,mega
मैन्फिललड,मैन्सफील्ड,mansfield
मट्टांचरी,मट्टानचेरी,mattancheri
नवकेतन,नवकेतन,navketan
कमतार,कमतर,kamtar
पित्यनीय,पिट्यूनिया,pityooniya
पुरूषोत्तपुरर,पुरूषोत्तमपुर,purooshottampur
तपन,तपन,tapan
जुबाँ,ज़ुबान,jubaan
एनसीीारररलललीी,एनसीआरडब्ल्यूसी,enseeaardablyoosee
हैमबालिन,हैम्बलिन,haimbalin
आराम,आराम,aaraam
यशपाल,यशपाल,yashpal
वोखा,वोखा,wokha
छेत्री,छेत्री,chhetri
ओमाक्स,ओमैक्स,omaxe
परववीन,परवीन,parween
कुकरेजा,कुकरेजा,kukreja
प्रेमफलाह,प्रेमफलः,premphalah
नर्म,नरमी,narmi
श्रिंखाओं,श्रंखलाओं,shrinkhalaon
अवरोधक,अवरोधक,avrodhak
तीरों,तीरों,teeron
गनेशा,गणेशा,ganesha
झड़ा,झाड़ा,jhada
अनुपमा,अनुपमा,anupama
तलाबगार,तलबगार,talabgaar
बिंडल,बिन्दल,bindal
ज़वाला,ज़वाला,zavala
आमरियापा,आमरियापाड़ा,aamriyapada
प्रतिनिधिररर,प्रतिनिधिकारी,pratinidhikaree
हलमतपुरा,हलमतपुरा,halmatpuraa
बूडम,बूदम,boodam
मैसियास,मैकियास,macias
मेडिक,मेडीकल,medical
रेस्पेक्टिंग,रिस्पेक्टिंग,respecting
रंजकता,रंजकता,ranjkta
डा,दा,da
सकटशन,सक्शन,suction
भूमी,भूमी,bhumi
त्योहरों,त्यौहारों,tyoharon
रंगते,रंगते,rangate
उत््र,उत्तरा,uttra
पेनशानधारिययं,पेंशनधारियों,penshandhaariyon
कार्यकर्ताओं,कार्यकर्ताओं,karykartaaon
विद्याओं,विद्याओं,vidyaaon
दफाा,द़फन,dafan
सरहिंद,सरहिंद,sarhind
खासककर,ख़ासकर,khaaskar
राथ,रैथ,raith
गुडागनवव,गुडगौंव,gudagaunw
सहब,साहब,sahab
उदााों,उड़ानों,udaanon
मजेस्को,मेजेस्को,majesco
पुष्प,पुष्पा,pushpa
केशरी,केशरी,keshari
बोम्ी,बांबी,bombi
कारगिल,कारगिल,kargil
तकरा,टकरा,takara
बिजी,बिजी,biji
क्रोमे,क्रोम,chrome
स्तिथी,स्तिथि,stithi
गुललएफ,गल्फ,gulf
कालोनिवासियों,कालोनीवासियों,kaaloniwaasiyon
आवृतिियों,आवृत्तियों,aavritiyon
सुहानुभूति,सुहानुभूति,suhanubhooti
चमाच,चमच,chamach
विरोधाभासी,विरोधाभासी,virodhabhasi
साभार,साभार,saabhaar
अलकार्गो,ऑलकार्गो,allcargo
हरााा,हारना,harana
अव्यवससय,अव्यवसायी,avyavasayee
प्राविंसस,प्राविंसेस,pravinses
छेतथारी,छेत्री,chhetthari
प्रतिष्ठी,प्रतिष्ठी,pratishthi
सपा,सपा्,sapa
पटकी,पटकी,patki
पर्चियों,पर्चियों,parchiyon
प्रतिवाद,प्रतिवाद,prativad
लिफाफा,लिफ़ाफ़ा,liphaaphaa
दरशाना,दर्शाना,darshana
गररिसन,गेरीसन,garrison
आकंडों,आकंड़ों,aakandon
ढांडो,धंधों,dhandon
डिस्ट्रीययूयूर,डिस्ट्रीब्यूटरी,distreebyootaree
खाररी,खत्री,khatri
पंजिका,पंजिका,panjika
बातः,बातः,baatah
रवले,रावले,ravaley
कंगन,कंगन,kangan
प्रेमातमक,प्रेमात्मक,premaatmak
सिपाही,सिपाही,sipahi
नोटेंदीमददा,नोटबंदीशुदा,notebandishuda
देवलाह,देवलहा,devlaha
हल्ला,हल्ला,halla
झमातें,ज़मातें,jhamaaten
माससे,मैसी,massey
उसक,उसक,usak
पितामह,पितामह,pitamah
विवरणहाभररी,विवरणःभारतीय,vivaranahbhaarateey
नेगर्यलल,नागेरकोइल,nagercoil
लखखी,लख्खी,lakhkhi
अछी,अच्छी,achhi
सतिन,सैटिन,satin
नागपुर,नागपुर,nagpur
बसीरहा,बसीरहाट,basirhat
छेलाई,छेलै,chhelai
उबारक,उबरकर,ubarkar
सं्युक्वसााा,संयुक्तावस्था,sanyuktavastha
सुरी,सूरी,suri
भपाई,भपाई,bhapaai
व्यक्तीगत,व्यक्तिगत,vyaktigat
महाथिर,महाथिर,mhathir
फ्लेश,फ्लेश,flesh
राष्ट्रक,राष्ट्रक,rashtrak
राजभाई,राजभाई,raajbhaaee
हों,हॉन्ग,hong
लैंगरोन,लंगरों,langron
सुभाय,सुभाय,subhaay
फंड,फंड,fund
फ्लोवरस,फ्लावर्स,flowers
उठने,उठने,uthane
बड़ा,बडा़,badaa
मिशरा,मिश्रा,mishra
शतत,षट्,shat
मा्हा्टन,मैनहट्टन,manhattan
सरगुजा,सरगुजा,sarguja
इवेिंग,ईवनिंग,evening
ग्रहनकलल,ग्रहणकाल,grahankaal
बगाली,बागली,bagali
नीय,नीऊ,neeoo
मुंवा,मुंडवा,mundwa
तोलास,तोलासन,tolasan
जेड़तीसा्ट,जेडटीईसाफ्ट,jedateeisaft
नागमंड,नागमण्डल,naagmandal
कनाल,कनाल,kanaal
मशिलीपटटनम,मछलीपट्टनम,machilipatnam
फेलिक्स,फेलिक्स,felix
हस्तकक्रों,हस्ताक्षरों,hastaksharon
भिलाई,भिलाई,bhilai
कॉनट्ररककटिंग,कॉन्ट्रेक्टिंग,contracting
क्रार,क़रार,qraar
जौ,जौं,jaun
भलू,भाालू,bhaloo
फोर्टिस,फोर्टिस,fortis
गिरिजघरों,गिरजाघरों,girijagharon
जैनों,जैनों,jainon
अर्थव्वससथाः,अर्थव्यवस्थाः,arthavyavasthaah
ओक्सीज,ऑक्सीज,oxys
खिताबं,खिताबों,khitabon
एंका,एनका,enka
चशशा,चष्मा,chashma
बटाओ,बताअाे,batao
घ्रुतकुमारी,घृतकुमारी,ghrutakumaaree
प्रेटस्टेंट,प्राटेस्टेंट,pratestent
बौर,ब्युर,bauer
लक्ष्मधार,लक्ष्मीधर,lakshmidhar
सियासी,सियासी,siyasi
उपयोोगतिविययों,उपयोगितावादियों,upyogitawadiyon
तूगा,टूगा,toogaa
समादजियों,समाधियों,samadjiyon
खुरपका,खुरपका,khurpaka
कुमावट,कुमावत,kumavat
एनवीपी,एमडब्ल्यूपी,mwp
सुरज,सूरज,suraj
न्यूरोसिसिसटटटट,न्यूरोसाइंटिस्ट्स,neuroscientists
चंद्रेशशवररर,चंद्रेश्वरनगर,chandreshwaranagar
तनिश,टैनिस,tanish
फरुखनगर,फर्रूखनगर,farukhnagar
अवाजों,आवाज़ों,awaazon
नजराने,नजराने,najraane
पशुचारा,पशुचारा,pashuchaaraa
वेबुनियाडी,वेबुनियादी,webuniyadi
डैनबरी,डेनबरी,danbury
नैडिलली,नईदिल्ली,naidillee
छल्ा,छल्ला,chhalla
रोवान,रोवन,rowan
शीओपुर,श्योपुर,sheopur
रावलानी,रव्लानी,rawlani
संवरी,संवरी,sanvaree
धाक,धाक,dhaak
मास,मस्से,masse
इनससररेंस,इंश्योरेंस,insurance
संपप्रभुता,संप्रभुता,samprbhuta
राष्ट्रा,राष्ट्रा,raashtraa
जौहरी,जौहरी,jauhari
जुदाई,जुदाई,judai
बदमाशों,बदमाशाें,badamaashon
खिताबों,खिताबों,khitaabon
स्वयम,स्वयँ,swayam
आगा,आग़ा,aagah
धिंधवाल,ढिंडवाल,dhindhwal
घीजे,घिसे,ghise
सप्पाववाली,सप्पांवाली,sappaanwaalee
निखरें,निखारें,nikharen
बाधित,बाधित,baadhit
ब्रह्मपुर,ब्रह्मपुर,brahmapur
बेटोवं,बैटाउन,baytown
कोलिंग,कोलिंग,koling
समाधियों,समाधियों,samadhiyon
यूनियानवादी,यूनियनवादी,yooniyanwaadi
छपेमार,छापेमार,chhapemar
गरीबों,ग़रीबों,gareebon
ठोसंद,थाऊजेंड,thousand
डसिला,डसीला,dasila
कंंजेंतवासससस,कंजेंटेवाइटिस,kanjentevaaitis
बढ़ाओं,बाधाओं,badhaon
लगेगा,लगेगा,lagega
दुर्घटना,दुर्घटना,durghatna
नितियों,नितियों,nitiyon
कपपधार,कैपधारी,capdhari
अत्री,अत्री,atri
सिंगम,सिंगम,singam
वास्तविि,वास्तविक,vastvik
सब्सटेंसस,सबस्टेंसिस,substensis
पीलेपन,पीलेपन,peelepan
उठनी,उठनी,uthnee
हंडिया,हंडिया,handiyaa
प्रतिरक्षी,प्रतिरक्षी,pratirakshi
ललकारता,ललकारता,lalkarta
दुकानों,दुकानों,dukaanon
निविदाताओं,निविदाताओं,nividaataon
सर्वजतीय,सर्वजातीय,sarvjaateeya
नरसनहरों,नरसंहारों,narsanharon
नीमकथाना,नीमकाथाना,neemkathana
हेरेरा,हेरेरा,herrera
जुनुन,जुनून,junun
इककाईई,इकाई,ikai
जगदलपुर,जगदलपुर,jagdalpur
स्विफ्टलेट,स्विफ्टलेट,swiftlet
जलगती,जलगति,jalagati
पिट्स,पिट्स,pitts
रोपी,रोपी,ropi
अदागा,अड़ंगा,adanga
अलासी,आलसी,alasi
चौकियां,चौकियां,chaukiyan
लेटो,लेटन,layton
वक्ांगी,वकरंगी,vakrangee
डेवलपमेंट,डेवलपमेंट,development
शाननी,शॉनी,shawnee
पर्डेसियों,परदेसियों,pardesiyon
भूगोल,भूगोल,bhoogol
बागीच,बगीची,bagichi
सिवन,सिवान,sivan
स्ट्र,स्ट्रे,stray
आललसी,आलसी,aalsi
विय,व्यू,view
विशिन,विषहीन,vishhin
किस्ागो,किस्सागोई,kissagoi
महानिदेक,महानिदेशक,mahanideshak
चिकित्सवमम,चिकित्साएवं,chikitsaevam
भट्टाचार्य,भट्टाचार्य,bhattacharya
ट्रेंटन,ट्रेंटन,trenton
कन्याएं,कन्याएं,kanyaein
प्रियादरशशीी,प्रियदर्शिनी,priyadarshini
हुखूख,हुक़ूक़,hukhookh
शुल्काह,शुल्कः,shulkah
रने,राणे,rane
महाविद्या,महाविद्या,mahavidya
संश्यं,संशयों,sanshyon
श्रेनीह,श्रेणीः,shreneeh
ओडोम,ओडोम,odom
बेनिटेज,बेनिटेज़,benitez
त्योहर,त्यौहार,tyohar
मतियाना,मतियाना,matiyaanaa
शव्यात्र,शवयात्रा,shavyaatra
रिशते,रिश्ते,rishtey
रेहना,रेहाना,rehaana
कीएसएस,क्यूएसएस,qss
अनावश्यक,अनावश्यक,anaavashyak
रिझाया,रिझाया,rijhaayaa
ब्रिगडे,ब्रिगेड,brigade
सपाे,सपने,sapane
चुनीं,चुनीं,chuneen
कोशािकारी,कोषाधिकारी,koshadhikaari
करब,करब,karab
पालताने,पलटने,paltane
कर्ेेश्वरमम,कर्णेश्वरधाम,karneshwardham
आर्याना,आर्यनस,aaryanas
प्रतिष्थनों,प्रतिष्ठानोंं,pratishthanon
करैकल,कराईकल,karaikal
उसकी,उसकी,uski
विप्रीता,विपरीतता,vipreetataa
परिक्षा,परीक्षाओ,parikshao
फ्यूजी,फ्यूजी,fyuji
लामिनार,लामिनार,laaminaar
जुतती,जुटाती,jutati
कौशिक,कौशिक,kaushik
बेकाबू,बेकाबू,bekaaboo
नानो,नैनो,nano
ओरिसा,ओडिसा,orissa
तोमर,तोमर,tomar
रोपी,रोपी,ropee
ठपपपदभाजी,थप्पड़बाज़ी,thappadhabaajhee
बाबत,बाबत,baabat
अताहसा,अट्टहास,attahasa
कोलन,कोलन,colan
प्रतिलीतर,प्रतिलीटर,pratileetar
भूसी,भूसी,bhusi
हलिया,हलिया,haliyaa
उत्पीडन,उत्पीडऩ,utpeedan
पोपे,पोप,pope
करखेले,करखेले,karkhele
बहुल्या,बाहुल्य,bahulya
अश्वाविक,अस्वभाविक,aswbhavik
कठनाइयों,कठनाईयों,kathhnaeeyon
रामजीलाल,रामजीलाल,ramjeelaal
वसुलता,वसूलता,vasulta
मुख्यमंत्री,मुख्यमंत्री,mukhyamantri
मारिया,मारिया,maria
सतमेव,सत्मेव,satmev
बकसा,बक्सा,baksa
उदर,उदर,udar
मन,मैन,man
बुद्धिजिवों,बुद्धिजीवों,buddhijivon
सुदीप,सुदीप,sudip
जोडो,जोड़ो,jodo
तसदीक,तसदीक,tasdeek
निकालनी,निकालनी,nikaalni
भटकाना,भटकाना,bhatkaanaa
हरना,हारना,harna
दिल्लं,डिल्लों,dillon
रेजिस्र्ड,रजिस्टर्ड,registerd
भंडारा,भंडारा,bhandara
ललनिया,ललानिया,lalaniya
लिमा,लिमा,lima
लालकृष्ण,लालकृष्ण,lalkrishna
रत्नभूषण,रत्नाभूषण,ratnabhooshan
स्परिवार,सपरिवार,sparivar
सह,साह,sah
समेटटी,समेटती,sametti
पायरिया,पाइरिया,pyria
मामालोमें,मामलोंमें,maamalonmen
ब्राट,बरात,braat
वैसन,वैइसन,vaiisan
विल्ला,विला,villa
लिंडा,लिंडा,linda
खरिया,खरिया,khariya
चेलालनी,चेलानी,chellani
इलेक्ट्रनिकस,इलेक्ट्रॉनिक्स,electronics
रिशराज,ऋषिराज,rishiraj
उदाईपुर,उदयपुर,udaipur
पग्ला,पगला,pagla
ऋतुतुकांत,ऋतुकांत,ritukaant
कुर्मी,कुर्मी,kurmi
दस्ताना,दस्ताना,dastaanaa
एमरलल्ड,एमरल्ड,emrald
घुमाई,घुमाई,ghumaaee
उपद्रवियों,उपद्रवियों,updraviyon
ओकलहहमा,ओक्लाहोमा,oklahoma
धर्मराजने,धर्मराजने,dharmaraajne
झाहही,झाओहुई,jhaohuee
उपपीदन,उप्पीड़न,uppidan
खेमिक,खेमिक,khemik
तुगाली,तुगलकी,tugalki
दुआर,दोआर,duar
अवी,अवि,avi
जडेत,जड़ित,jadet
तैबू,टैबू,taiboo
प्रोग्राममर्,प्रोग्रामर्स,programmers
तायलोससविलल,टेलर्सविले,taylorsville
चादरों,चादरों,chadron
रेएसआर,रेसर,racer
भका,भका,bhakaa
अंधधक्तो,अंधभक्तो,andhabhakto
ओब्रायन,ओब्रायन,obrayan
क्रुत्य,कृत्या,krutya
पीरा,पीरान,peeran
नजरियों,नजरियों,najriyon
मायर,मयूर,mayur
चौधवां,चौदहवां,chaudhawan
स्वर्गढूत,स्वर्गदूत,swargadoot
फेका,फेका,feka
इंडडेेडेट,इंडिपेन्डेट,independet
टिंका,टिंका,tinkaa
गुर्ों,गुर्दों,gurdon
जातियों,जातियों,jaatiyon
सममनवायका,समन्वयक,samanwayaka
सुबे,सूबे,sube
चंडना,चंदन,chandana
प्रारा्भिकाा,प्रारंभिकता,praarambhikataa
ट्रैप,ट्रैप,trap
उडांंत,उदंत,udant
डायनामेटिक,डायनामेटिक,dynamatic
विद्युतकरित,विद्युतीकृत,vidyuteekrit
ललनिया,ललानिया,lalaniyaa
वडराा,वदरा,wadaraa
वेद,वेड,ved
फड़फाडएं,फड़फड़ाएं,fadfadaen
ट्रेडड,ट्रेडेड,traded
अखुआपाड़ा,अखुआपाड़ा,akhuaapaadaa
सराह,सराहा,saraha
विज्ञानवदिियों,विज्ञानवादियों,vigyaanvaadiyon
कममजोर,कमज़ोर,kamzor
यूँगस्टाोन,यंगस्टाउन,youngstown
आर्यम,आर्यम्,aaryam
पटकथाएं,पटकथाएं,patkathaein
बजपाई,बाजपेयी,bajpai
जससी,जस्सी,jassee
नौ,नाऊ,nau
एवव,एवव,evav
लगतार,लागातार,lagataar
सुमान,सुमन,suman
पदनी,पड़नी,padanee
मिंड्ट्ी,माइंडट्री,mindtree
डिस्ट्रबबूयरी,ड्रिस्ट्रीब्यूट्री,distributary
जनकरों,जानकारों,jankaron
शंकचराचर्यय,शंकचराचार्य,shankacharaachaarya
ओफशोर,ऑफशोर,offshore
दुखों,दुखों,dukhon
नेस्क,नेस्को,nesco
फूलटी,फूलती,phooltee
टूल्स,टूल्स,tools
वर्गर,वर्गर,verger
डूमघोनंटु,दमघोंटू,dumghontu
विडियोह,वीडियोः,videoh
राजमन,राजमां,rajman
आत्ममग्ध,आत्ममुग्ध,aatmamugdh
रॉकफर्ड,रॉकफोर्ड,rockford
मित्रा,मित्रा,mitra
देवनार,देवनार,devnaar
ओसीई,ओकोई,ocoee
उत्तरिया,उत्तरिया,uttariya
कैनावीज,कैनविज,kainawij
गैलाकससन,गैलेक्सियों,galaxion
जिवनिया,जीवनियां,jivaniya
हकिकत,हकीकत,hakikat
इलिमिनेटर,एलिमिनेटर,eliminator
ऑगुस्टीन,अगस्टाइन,augustine
कर,कर,kar
बिताने,बीताने,bitane
दफतरवाले,दफ्तरवाले,daftarwale
बैराध,बैराढ,bairaadh
कंबलों,कंबलों,kambalon
ज्वार,ज्वार,jwar
फटामा,फातमा,fatama
वावेस,विवेस,vives
डीवीटी,डीडब्ल्यूटी,dwt
धातुएँ,धातुएं,dhaatuein
सियाह,सियाह,siyaha
पितने,पीटने,pitne
बिच्छों,बिच्चों,bichchon
जिता,जिता,jita
सेवाला,सेवाला,sevala
बतौर,बताैर,bataur
अदित्य,आदित्या,aditya
क्षेत्रें,क्षेत्रें,kshetren
एंकनी,एंकेनी,ankeny
छेटर,छेत्र,chheter
मुकर्ते,मुकरते,mukarte
एंथे,ऐंठे,enthe
बालटी,बाल्टी,balty
खंगाली,खंगाली,khangaali
बीजसेज,बीएसएसएस,beeeseses
बंजासम,ब्ंजजसम,banjajasam
पुष्पित,पुष्पित,pushpit
लिनमारग,लिंमर्ग,linmarga
पेरेडडी,पेरेड्डी,pereddy
बोदरा,बोदरा,bodara
फोक्स,फ़ोकस,focus
दूताय,दूताय,dootaay
श्रीलीथर्स,श्रीलेदर्स,sreeleathers
महंकमाान,महंकमदान,mahankmadaan
घुंसा,घूंसा,ghunsa
काव्यविधाओओं,काव्यविधाओं,kaavyavidhaaon
क्षत्रियादी,क्षत्रियादि,kshatriyaadi
जाँकारों,जानकारों,jaankaaron
रखना,रखना,rakhna
रिश्तेदार,रिश्तेदारो,rishtedaaro
श्रवणनी,श्रावणी,shravani
कुबुददीन,कुबुद्दीन,kubuddeen
ज्वेलर्स,ज्वेलर्स,jewellers
मेहमन,मेहमान,mehaman
रोजलिन,रोजलिन,rojlin
जैकरा,जयकारा,jaikara
चाबुत्े,चबूतरे,chabutre
हराडिल,हरदिल,haradil
ट्रक,ट्रक,truck
न्यूरोवासकरललल,न्यूरोवेस्कुलर,neurovascular
खेलाने,खेलाने,khelaane
स्ट्रेशन,स्ट्रेशन,stration
लक्षयतरर्थ,लक्ष्यतीर्थ,lakshayatirth
नेटंस,नेशंस,nations
पाथशालाएं,पाठशालाएं,paathshaalaayein
निवेदाह,निवेदनः,nivedanah
लिदरों,लीडरों,lidaron
तनला,टेनला,tanla
सेवकों,सेवकों,sevakon
पूर्वपेेष्ों,पूर्वापेक्षाओं,poorvapekshaon
मानी,मणि,mani
सोमवर,साेमवार,somvar
प्रन,प्राण,pran
अवेग्ञानि,अवैज्ञानिक,avegyanik
एवियेश,ऐवीऐशन,aviation
ब्रोवन,ब्राउन,brown
नाकाम,नाकाम,naakaam
अधिवास,अधिवास,adhivas
जंजगररन,जनजागरण,janjagran
राजनंगगांव,राजनंदगांव,rajnandgaon
लाररी,लैरी,larry
भलू,भाालू,bhalu
तरीको,तरीको,tareeko
चिकोपी,चिकोपी,chicopee
रिफ्रेक्रररीज,रिफ्रेक्टरीज़,refractories
बरामद,बरामद,baramad
कवव,काव,kav
एमरलल्ड,एमरल्ड,emerald
विवेकाीन,विवेकाधीन,vivekaadheen
फड़फ़़ां,फड़फड़ाएं,fadfadaaen
कयलाना,कायलाना,kaylana
पेनटट्स,पेंट्स,paints
पित्सबबर्घ,पिट्सबर्ग,pittsburgh
होखत,होखत,hokhat
चौरसिया,चौरसिया,chaurasiya
सच्चिदांद,सच्चिदानंद,sacchidanand
सेडे,सीड,seide
चाों,चारों,charon
रिजवी,रिज़वी,rizvi
क्ले,क्ले,clay
डनपती,दंपति,danpati
दूरगढ,दूर्गध,doorgadh
देवापुर,देवापुर,devapur
मंवाया,मनवाया,manwaayaa
लटककर,लटककर,latakkar
मेमाा,मेहमान,mehmaan
निया,निया,niya
उधमपुर,उधमपुर,udhampur
अताहर,अतहर,ataher
छुपता,छुपता,chhupata
तुंगनाथ,तुंगनाथ,tungnath
रघुति,रघुपति,raghupati
प्रकंध,प्रकाण्ड़,prakandh
चैंगड,चेंज्ड,changed
गंगगोक,गंगटोक,gangtok
क्रिकेट,क्रिकेट,cricket
फ्रेंकसस्ो,फ्रांसिस्को,francisco
भगने,भगाने,bhagane
अदंगा,अड़ंगा,adangaa
फिक्सिंह,फिक्सिंगः,fixingh
कमा,कमाऊ,kamau
टिकोने,तिकोने,tikone
पमम,पैम,pam
तरिकों,तरीक़ों,tarikon
आगमन,आगमन,aagaman
किडवाई,किदवई,kidwai
आश्रिों,आश्रितों,aashriton
राघवा,राघवन,raghavan
जनेहधरी,जनेऊधारी,janeudhari
डववेनोर्ट,डेवनपोर्ट,davenport
प्रेराापरी,प्रेरणापुरी,preranaapuree
महासिंह,महासिंह,mahasinh
लोरडा,लोरदा,lordaa
इंट्रोडक्शश,इंट्रोडक्शन,introduction
स्वभववः,स्वभावतः,swabhavatah
गृषिमोत्व,ग्रीष्मोत्सव,grishmotsav
तलाशेगा,तलाशेगा,talaashegaa
सहरसा,सहरसा,saharsa
मैकके,मैके,mckay
मोशे,मोशे,moshe
ग्रंथियां,ग्रंथियां,granthiyan
लोहाती,लोहाती,lohaati
एलायंस,अलायंस,aliance
तगडे,तगड़े,tagde
चिंके,छींके,chinke
सिवान,सिवान,siwan
थकी,थकी,thaki
लेतार,लेटकर,letakar
हिकारिको,हिकारिको,hikariko
टाइरस,टायर्स,tyres
न्रुत्ों,नृत्यों,nrutyon
डीरफफिल्ड,डियरफील्ड,deerfield
चरित,चरित,charit
बेथलेेम,बैथलहम,bethlehem
फिननयोेक्स,फिनोटेक्स,fineotex
असही,असाही,asahi
पेहन,पहन,pehan
धंश्याम,धनश्याम,dhanshyaam
फायरंसिस,फारेंसिस,faarensis
लहना,लहना,lahanaa
द्वारिकेश,द्वारिकेश,dwarikesh
दुबान,डुबाना,dubaana
कराबोरियों,काराबोरियों,karaboriyon
गोलामुरी,गोलमुरी,golamuree
राखनऊ,राखणौ,raakhnau
विपनक,विपणक,vipanak
पुंचां,पंचांग,punchang
ब्रीड,ब्रीद,breed
गुल्लावाला,गुल्लरवाला,gullaravaalaa
एएवपी,एडब्ल्यूपी,awp
बजी,बाज़ी,baji
हरपा,हरपाल,harpaal
प्रेमेश्वर,प्रेमेश्वर,premeshwar
प्रै्ट,प्राप्त,prapt
नकसलवाड,नक्सलवाद,naksalwaad
कंथार,कंठहार,kanthahar
ऑक्साइड,ऑक्साइड,oxide
खैरती,खैराती,khairati
देशके,देशके,deshke
सुनासीर,सुनासीर,sunaseer
अफसररों,अफसराें,aphasaron
सेह,सेहो,seho
चबते,चबाते,chabate
मिती,मिति,miti
बेलचा,बेलचा,belcha
सफ़लता,सफ़लता,saflata
श्ाना,शबाना,shbana
खातूतोला,खातूटोला,khaatootolaa
शिवास्तवा,शिवास्तव,shivastava
प्रेरापुरी,प्रेरणापुरी,preranapuree
